{
"type": "FeatureCollection",
"name": "school_brooklyn",
"crs": { "type": "name", "properties": { "name": "urn:ogc:def:crs:OGC:1.3:CRS84" } },
"features": [
{ "type": "Feature", "properties": { "fid": 1, "full_id": "n357563214", "osm_id": "357563214", "osm_type": "node", "amenity": "school", "mascot": null, "ref:nycschools": null, "preschool": null, "school:gender": null, "polling_station": null, "internet_access": null, "addr:floor": null, "operator:wikidata": null, "operator:type": null, "operator:short": null, "grades": null, "access": null, "email": null, "addr:state": null, "barrier": null, "wheelchair": null, "education": null, "official_name": null, "entrance": null, "wikipedia": null, "operator": null, "wikidata": null, "contact:facebook": null, "addr:city": null, "ref": null, "website_archive": null, "short_name": null, "old_name": null, "addr:street": null, "addr:postcode": null, "addr:housenumber": null, "religion": null, "denomination": null, "gnis:feature_id": null, "ele": null, "website": "https://ms447.org/", "phone": "+1-718-330-9328", "name": "MS 447", "fax": "+1-718-330-0944", "check_date": "2026-03-07", "alt_name": "The Math and Science Exploratory School" }, "geometry": { "type": "Point", "coordinates": [ -73.9805745, 40.6838398 ] } },
{ "type": "Feature", "properties": { "fid": 2, "full_id": "n357567433", "osm_id": "357567433", "osm_type": "node", "amenity": "school", "mascot": null, "ref:nycschools": null, "preschool": null, "school:gender": null, "polling_station": null, "internet_access": null, "addr:floor": null, "operator:wikidata": null, "operator:type": null, "operator:short": null, "grades": null, "access": null, "email": null, "addr:state": null, "barrier": null, "wheelchair": null, "education": null, "official_name": null, "entrance": null, "wikipedia": null, "operator": null, "wikidata": null, "contact:facebook": null, "addr:city": null, "ref": null, "website_archive": null, "short_name": null, "old_name": null, "addr:street": null, "addr:postcode": null, "addr:housenumber": null, "religion": null, "denomination": null, "gnis:feature_id": "954305", "ele": "5", "website": null, "phone": null, "name": "Intermediate/High School 265", "fax": null, "check_date": null, "alt_name": null }, "geometry": { "type": "Point", "coordinates": [ -73.9809668, 40.6979009 ] } },
{ "type": "Feature", "properties": { "fid": 3, "full_id": "n357573242", "osm_id": "357573242", "osm_type": "node", "amenity": "school", "mascot": null, "ref:nycschools": null, "preschool": null, "school:gender": null, "polling_station": null, "internet_access": null, "addr:floor": null, "operator:wikidata": null, "operator:type": null, "operator:short": null, "grades": null, "access": null, "email": null, "addr:state": null, "barrier": null, "wheelchair": null, "education": null, "official_name": null, "entrance": null, "wikipedia": null, "operator": null, "wikidata": null, "contact:facebook": null, "addr:city": null, "ref": null, "website_archive": null, "short_name": null, "old_name": null, "addr:street": null, "addr:postcode": null, "addr:housenumber": null, "religion": null, "denomination": null, "gnis:feature_id": "958471", "ele": "5", "website": null, "phone": null, "name": "New York Community College of Applied Arts and Sciences", "fax": null, "check_date": null, "alt_name": null }, "geometry": { "type": "Point", "coordinates": [ -73.9595827, 40.6984361 ] } },
{ "type": "Feature", "properties": { "fid": 4, "full_id": "n357579998", "osm_id": "357579998", "osm_type": "node", "amenity": "school", "mascot": null, "ref:nycschools": null, "preschool": null, "school:gender": null, "polling_station": null, "internet_access": null, "addr:floor": null, "operator:wikidata": null, "operator:type": null, "operator:short": null, "grades": null, "access": null, "email": null, "addr:state": null, "barrier": null, "wheelchair": null, "education": null, "official_name": null, "entrance": null, "wikipedia": null, "operator": null, "wikidata": null, "contact:facebook": null, "addr:city": null, "ref": null, "website_archive": null, "short_name": null, "old_name": null, "addr:street": null, "addr:postcode": null, "addr:housenumber": null, "religion": null, "denomination": null, "gnis:feature_id": "961613", "ele": "5", "website": null, "phone": null, "name": "Public School 287", "fax": null, "check_date": null, "alt_name": null }, "geometry": { "type": "Point", "coordinates": [ -73.9809719, 40.6978029 ] } },
{ "type": "Feature", "properties": { "fid": 5, "full_id": "n357618713", "osm_id": "357618713", "osm_type": "node", "amenity": "school", "mascot": null, "ref:nycschools": null, "preschool": null, "school:gender": null, "polling_station": null, "internet_access": null, "addr:floor": null, "operator:wikidata": null, "operator:type": null, "operator:short": null, "grades": null, "access": null, "email": null, "addr:state": null, "barrier": null, "wheelchair": null, "education": null, "official_name": null, "entrance": null, "wikipedia": null, "operator": null, "wikidata": null, "contact:facebook": null, "addr:city": null, "ref": null, "website_archive": null, "short_name": null, "old_name": null, "addr:street": null, "addr:postcode": null, "addr:housenumber": null, "religion": null, "denomination": null, "gnis:feature_id": "2081278", "ele": "17", "website": null, "phone": null, "name": "Brooklyn Law School Annex", "fax": null, "check_date": null, "alt_name": null }, "geometry": { "type": "Point", "coordinates": [ -73.9897222, 40.6919444 ] } },
{ "type": "Feature", "properties": { "fid": 6, "full_id": "n357618963", "osm_id": "357618963", "osm_type": "node", "amenity": "school", "mascot": null, "ref:nycschools": null, "preschool": null, "school:gender": null, "polling_station": null, "internet_access": null, "addr:floor": null, "operator:wikidata": null, "operator:type": null, "operator:short": null, "grades": null, "access": null, "email": null, "addr:state": null, "barrier": null, "wheelchair": null, "education": null, "official_name": null, "entrance": null, "wikipedia": null, "operator": null, "wikidata": null, "contact:facebook": null, "addr:city": null, "ref": null, "website_archive": null, "short_name": null, "old_name": null, "addr:street": null, "addr:postcode": null, "addr:housenumber": null, "religion": "christian", "denomination": "seventh_day_adventist", "gnis:feature_id": null, "ele": null, "website": "https://www.betheladventist.org", "phone": "+1-718-866-4226", "name": "Bethel Seventh Day Adventist School", "fax": null, "check_date": null, "alt_name": null }, "geometry": { "type": "Point", "coordinates": [ -73.9612725, 40.6816269 ] } },
{ "type": "Feature", "properties": { "fid": 7, "full_id": "n357619111", "osm_id": "357619111", "osm_type": "node", "amenity": "school", "mascot": null, "ref:nycschools": null, "preschool": null, "school:gender": null, "polling_station": null, "internet_access": null, "addr:floor": null, "operator:wikidata": null, "operator:type": null, "operator:short": null, "grades": null, "access": null, "email": null, "addr:state": null, "barrier": null, "wheelchair": null, "education": null, "official_name": null, "entrance": null, "wikipedia": null, "operator": null, "wikidata": null, "contact:facebook": null, "addr:city": null, "ref": null, "website_archive": null, "short_name": null, "old_name": null, "addr:street": "Bedford Avenue", "addr:postcode": "11211", "addr:housenumber": "505", "religion": null, "denomination": null, "gnis:feature_id": "2081633", "ele": "16", "website": null, "phone": null, "name": "Yeshiva Yesoda Hatora of K'Hal Adas Yereim", "fax": null, "check_date": null, "alt_name": null }, "geometry": { "type": "Point", "coordinates": [ -73.963051, 40.7061075 ] } },
{ "type": "Feature", "properties": { "fid": 8, "full_id": "n357619312", "osm_id": "357619312", "osm_type": "node", "amenity": "school", "mascot": null, "ref:nycschools": null, "preschool": null, "school:gender": null, "polling_station": null, "internet_access": null, "addr:floor": null, "operator:wikidata": null, "operator:type": null, "operator:short": null, "grades": null, "access": null, "email": null, "addr:state": null, "barrier": null, "wheelchair": null, "education": null, "official_name": null, "entrance": null, "wikipedia": null, "operator": null, "wikidata": null, "contact:facebook": null, "addr:city": null, "ref": null, "website_archive": null, "short_name": null, "old_name": null, "addr:street": null, "addr:postcode": null, "addr:housenumber": null, "religion": null, "denomination": null, "gnis:feature_id": "2081890", "ele": "8", "website": null, "phone": null, "name": "Beth Chana School for Girls", "fax": null, "check_date": null, "alt_name": null }, "geometry": { "type": "Point", "coordinates": [ -73.9598031, 40.702408 ] } },
{ "type": "Feature", "properties": { "fid": 9, "full_id": "n357619314", "osm_id": "357619314", "osm_type": "node", "amenity": "school", "mascot": null, "ref:nycschools": null, "preschool": null, "school:gender": null, "polling_station": null, "internet_access": null, "addr:floor": null, "operator:wikidata": null, "operator:type": null, "operator:short": null, "grades": null, "access": null, "email": null, "addr:state": null, "barrier": null, "wheelchair": null, "education": null, "official_name": null, "entrance": null, "wikipedia": null, "operator": null, "wikidata": null, "contact:facebook": null, "addr:city": null, "ref": null, "website_archive": null, "short_name": null, "old_name": null, "addr:street": null, "addr:postcode": null, "addr:housenumber": null, "religion": null, "denomination": null, "gnis:feature_id": "2081891", "ele": "16", "website": null, "phone": null, "name": "Beth Rachel School for Girls", "fax": null, "check_date": null, "alt_name": null }, "geometry": { "type": "Point", "coordinates": [ -73.9597222, 40.705 ] } },
{ "type": "Feature", "properties": { "fid": 10, "full_id": "n357619415", "osm_id": "357619415", "osm_type": "node", "amenity": "school", "mascot": null, "ref:nycschools": null, "preschool": null, "school:gender": null, "polling_station": null, "internet_access": null, "addr:floor": null, "operator:wikidata": null, "operator:type": null, "operator:short": null, "grades": null, "access": null, "email": null, "addr:state": null, "barrier": null, "wheelchair": null, "education": null, "official_name": null, "entrance": null, "wikipedia": null, "operator": null, "wikidata": null, "contact:facebook": null, "addr:city": null, "ref": null, "website_archive": null, "short_name": null, "old_name": null, "addr:street": "Bedford Avenue", "addr:postcode": "11216", "addr:housenumber": "1174", "religion": "muslim", "denomination": null, "gnis:feature_id": "2082107", "ele": "18", "website": "http://www.cmsbrooklyn.org/", "phone": null, "name": "Clara Muhammad School of Masjid Khal", "fax": null, "check_date": "2025-06-12", "alt_name": null }, "geometry": { "type": "Point", "coordinates": [ -73.9541892, 40.6839299 ] } },
{ "type": "Feature", "properties": { "fid": 11, "full_id": "n357619470", "osm_id": "357619470", "osm_type": "node", "amenity": "school", "mascot": null, "ref:nycschools": null, "preschool": null, "school:gender": null, "polling_station": null, "internet_access": null, "addr:floor": null, "operator:wikidata": null, "operator:type": null, "operator:short": null, "grades": null, "access": null, "email": null, "addr:state": null, "barrier": null, "wheelchair": null, "education": null, "official_name": null, "entrance": null, "wikipedia": null, "operator": null, "wikidata": null, "contact:facebook": null, "addr:city": null, "ref": null, "website_archive": null, "short_name": null, "old_name": null, "addr:street": null, "addr:postcode": null, "addr:housenumber": null, "religion": null, "denomination": null, "gnis:feature_id": "2082147", "ele": "15", "website": null, "phone": null, "name": "Hychel Hatorah", "fax": null, "check_date": null, "alt_name": null }, "geometry": { "type": "Point", "coordinates": [ -73.9618503, 40.7049705 ] } },
{ "type": "Feature", "properties": { "fid": 12, "full_id": "n357619538", "osm_id": "357619538", "osm_type": "node", "amenity": "school", "mascot": null, "ref:nycschools": null, "preschool": null, "school:gender": null, "polling_station": null, "internet_access": null, "addr:floor": null, "operator:wikidata": null, "operator:type": null, "operator:short": null, "grades": null, "access": null, "email": null, "addr:state": null, "barrier": null, "wheelchair": null, "education": null, "official_name": null, "entrance": null, "wikipedia": null, "operator": null, "wikidata": null, "contact:facebook": null, "addr:city": null, "ref": null, "website_archive": null, "short_name": null, "old_name": null, "addr:street": null, "addr:postcode": null, "addr:housenumber": null, "religion": null, "denomination": null, "gnis:feature_id": "2082168", "ele": "13", "website": null, "phone": null, "name": "Kedishas Naftoli", "fax": null, "check_date": null, "alt_name": null }, "geometry": { "type": "Point", "coordinates": [ -73.9605387, 40.7040001 ] } },
{ "type": "Feature", "properties": { "fid": 13, "full_id": "n357619609", "osm_id": "357619609", "osm_type": "node", "amenity": "school", "mascot": null, "ref:nycschools": null, "preschool": null, "school:gender": null, "polling_station": null, "internet_access": null, "addr:floor": null, "operator:wikidata": null, "operator:type": null, "operator:short": null, "grades": null, "access": null, "email": null, "addr:state": null, "barrier": null, "wheelchair": null, "education": null, "official_name": null, "entrance": null, "wikipedia": null, "operator": null, "wikidata": null, "contact:facebook": null, "addr:city": null, "ref": null, "website_archive": null, "short_name": null, "old_name": null, "addr:street": null, "addr:postcode": null, "addr:housenumber": null, "religion": null, "denomination": null, "gnis:feature_id": "2082191", "ele": "5", "website": null, "phone": null, "name": "Mesivta Tifereth Zvi Spinka", "fax": null, "check_date": null, "alt_name": null }, "geometry": { "type": "Point", "coordinates": [ -73.9557045, 40.7021304 ] } },
{ "type": "Feature", "properties": { "fid": 14, "full_id": "n357619622", "osm_id": "357619622", "osm_type": "node", "amenity": "school", "mascot": null, "ref:nycschools": null, "preschool": null, "school:gender": null, "polling_station": null, "internet_access": null, "addr:floor": null, "operator:wikidata": null, "operator:type": null, "operator:short": null, "grades": null, "access": null, "email": null, "addr:state": null, "barrier": null, "wheelchair": null, "education": null, "official_name": null, "entrance": null, "wikipedia": null, "operator": null, "wikidata": null, "contact:facebook": null, "addr:city": null, "ref": null, "website_archive": null, "short_name": "Park Place Community School", "old_name": "Middle School 266", "addr:street": null, "addr:postcode": null, "addr:housenumber": null, "religion": null, "denomination": null, "gnis:feature_id": "2082195", "ele": "17", "website": "https://www.ms266brooklyn.org", "phone": "+1-718-230-1216", "name": "Park Place Community Middle School", "fax": null, "check_date": null, "alt_name": "M.S. K266" }, "geometry": { "type": "Point", "coordinates": [ -73.9766858, 40.6788962 ] } },
{ "type": "Feature", "properties": { "fid": 15, "full_id": "n357619681", "osm_id": "357619681", "osm_type": "node", "amenity": "school", "mascot": null, "ref:nycschools": null, "preschool": null, "school:gender": null, "polling_station": null, "internet_access": null, "addr:floor": null, "operator:wikidata": null, "operator:type": null, "operator:short": null, "grades": null, "access": null, "email": null, "addr:state": null, "barrier": null, "wheelchair": null, "education": null, "official_name": null, "entrance": null, "wikipedia": null, "operator": null, "wikidata": null, "contact:facebook": null, "addr:city": null, "ref": null, "website_archive": "http://web.archive.org/web/*/http://parkslopeacademy.com/", "short_name": null, "old_name": null, "addr:street": null, "addr:postcode": null, "addr:housenumber": null, "religion": null, "denomination": null, "gnis:feature_id": "2082231", "ele": "11", "website": "http://parkslopeacademy.com/", "phone": null, "name": "Park Slope Christian Academy", "fax": null, "check_date": null, "alt_name": null }, "geometry": { "type": "Point", "coordinates": [ -73.9784952, 40.6800498 ] } },
{ "type": "Feature", "properties": { "fid": 16, "full_id": "n357619764", "osm_id": "357619764", "osm_type": "node", "amenity": "school", "mascot": null, "ref:nycschools": null, "preschool": null, "school:gender": null, "polling_station": null, "internet_access": null, "addr:floor": null, "operator:wikidata": null, "operator:type": null, "operator:short": null, "grades": null, "access": null, "email": null, "addr:state": null, "barrier": null, "wheelchair": null, "education": null, "official_name": null, "entrance": null, "wikipedia": null, "operator": null, "wikidata": null, "contact:facebook": null, "addr:city": null, "ref": null, "website_archive": null, "short_name": null, "old_name": null, "addr:street": null, "addr:postcode": null, "addr:housenumber": null, "religion": null, "denomination": null, "gnis:feature_id": "2082260", "ele": "26", "website": null, "phone": "+1-718-693-6655", "name": "Public School K375 Jackie Robinson", "fax": "+1-718-284-6433", "check_date": null, "alt_name": null }, "geometry": { "type": "Point", "coordinates": [ -73.9594512, 40.6651049 ] } },
{ "type": "Feature", "properties": { "fid": 17, "full_id": "n357619857", "osm_id": "357619857", "osm_type": "node", "amenity": "school", "mascot": null, "ref:nycschools": null, "preschool": null, "school:gender": null, "polling_station": null, "internet_access": null, "addr:floor": null, "operator:wikidata": null, "operator:type": null, "operator:short": null, "grades": null, "access": null, "email": null, "addr:state": null, "barrier": null, "wheelchair": null, "education": null, "official_name": null, "entrance": null, "wikipedia": null, "operator": null, "wikidata": null, "contact:facebook": null, "addr:city": null, "ref": "K462", "website_archive": null, "short_name": null, "old_name": null, "addr:street": null, "addr:postcode": null, "addr:housenumber": null, "religion": null, "denomination": null, "gnis:feature_id": null, "ele": null, "website": null, "phone": null, "name": "Secondary School for Law", "fax": null, "check_date": null, "alt_name": null }, "geometry": { "type": "Point", "coordinates": [ -73.9783679, 40.6692986 ] } },
{ "type": "Feature", "properties": { "fid": 18, "full_id": "n357619864", "osm_id": "357619864", "osm_type": "node", "amenity": "school", "mascot": null, "ref:nycschools": null, "preschool": null, "school:gender": null, "polling_station": null, "internet_access": null, "addr:floor": null, "operator:wikidata": null, "operator:type": null, "operator:short": null, "grades": null, "access": null, "email": null, "addr:state": null, "barrier": null, "wheelchair": null, "education": null, "official_name": null, "entrance": null, "wikipedia": null, "operator": null, "wikidata": null, "contact:facebook": null, "addr:city": null, "ref": "K464", "website_archive": null, "short_name": null, "old_name": "Secondary School for Research", "addr:street": null, "addr:postcode": null, "addr:housenumber": null, "religion": null, "denomination": null, "gnis:feature_id": "2082286", "ele": "32", "website": null, "phone": null, "name": "Park Slope Collegiate", "fax": null, "check_date": null, "alt_name": null }, "geometry": { "type": "Point", "coordinates": [ -73.9789235, 40.6695635 ] } },
{ "type": "Feature", "properties": { "fid": 19, "full_id": "n357619895", "osm_id": "357619895", "osm_type": "node", "amenity": "school", "mascot": null, "ref:nycschools": null, "preschool": null, "school:gender": null, "polling_station": null, "internet_access": null, "addr:floor": null, "operator:wikidata": null, "operator:type": null, "operator:short": null, "grades": null, "access": null, "email": null, "addr:state": null, "barrier": null, "wheelchair": null, "education": null, "official_name": null, "entrance": null, "wikipedia": null, "operator": null, "wikidata": null, "contact:facebook": "https://www.facebook.com/pages/Soterios-Ellenas-Parochial-School/", "addr:city": "Brooklyn", "ref": null, "website_archive": null, "short_name": null, "old_name": null, "addr:street": "18th Street", "addr:postcode": null, "addr:housenumber": "224", "religion": null, "denomination": null, "gnis:feature_id": "2082292", "ele": "24", "website": null, "phone": "+1-718-499-5900", "name": "Soterios Ellenas Parochial School", "fax": null, "check_date": null, "alt_name": null }, "geometry": { "type": "Point", "coordinates": [ -73.9920505, 40.6630068 ] } },
{ "type": "Feature", "properties": { "fid": 20, "full_id": "n357619908", "osm_id": "357619908", "osm_type": "node", "amenity": "school", "mascot": null, "ref:nycschools": null, "preschool": null, "school:gender": null, "polling_station": null, "internet_access": null, "addr:floor": null, "operator:wikidata": null, "operator:type": null, "operator:short": null, "grades": null, "access": null, "email": null, "addr:state": null, "barrier": null, "wheelchair": null, "education": null, "official_name": null, "entrance": null, "wikipedia": null, "operator": null, "wikidata": null, "contact:facebook": null, "addr:city": null, "ref": null, "website_archive": null, "short_name": null, "old_name": null, "addr:street": null, "addr:postcode": null, "addr:housenumber": null, "religion": null, "denomination": null, "gnis:feature_id": "2082296", "ele": "5", "website": null, "phone": null, "name": "Talmud Torah Dnitra", "fax": null, "check_date": null, "alt_name": null }, "geometry": { "type": "Point", "coordinates": [ -73.9626396, 40.7018969 ] } },
{ "type": "Feature", "properties": { "fid": 21, "full_id": "n357619914", "osm_id": "357619914", "osm_type": "node", "amenity": "school", "mascot": null, "ref:nycschools": null, "preschool": null, "school:gender": null, "polling_station": null, "internet_access": null, "addr:floor": null, "operator:wikidata": null, "operator:type": null, "operator:short": null, "grades": null, "access": null, "email": null, "addr:state": null, "barrier": null, "wheelchair": null, "education": null, "official_name": null, "entrance": null, "wikipedia": null, "operator": null, "wikidata": null, "contact:facebook": null, "addr:city": null, "ref": null, "website_archive": null, "short_name": null, "old_name": null, "addr:street": null, "addr:postcode": null, "addr:housenumber": null, "religion": null, "denomination": null, "gnis:feature_id": "2082298", "ele": "15", "website": null, "phone": null, "name": "Talmud Torah Tashbar", "fax": null, "check_date": null, "alt_name": null }, "geometry": { "type": "Point", "coordinates": [ -73.9618226, 40.7049431 ] } },
{ "type": "Feature", "properties": { "fid": 22, "full_id": "n357619918", "osm_id": "357619918", "osm_type": "node", "amenity": "school", "mascot": null, "ref:nycschools": null, "preschool": null, "school:gender": null, "polling_station": null, "internet_access": null, "addr:floor": null, "operator:wikidata": null, "operator:type": null, "operator:short": null, "grades": null, "access": null, "email": null, "addr:state": null, "barrier": null, "wheelchair": null, "education": null, "official_name": null, "entrance": null, "wikipedia": null, "operator": null, "wikidata": null, "contact:facebook": null, "addr:city": null, "ref": null, "website_archive": null, "short_name": null, "old_name": null, "addr:street": "Hewes Street", "addr:postcode": "11249", "addr:housenumber": "35", "religion": null, "denomination": null, "gnis:feature_id": "2082299", "ele": "4", "website": null, "phone": null, "name": "Talmud Torah Toldos Hillel-Krasna", "fax": null, "check_date": null, "alt_name": null }, "geometry": { "type": "Point", "coordinates": [ -73.9621416, 40.7008684 ] } },
{ "type": "Feature", "properties": { "fid": 23, "full_id": "n357619959", "osm_id": "357619959", "osm_type": "node", "amenity": "school", "mascot": null, "ref:nycschools": null, "preschool": null, "school:gender": null, "polling_station": null, "internet_access": null, "addr:floor": null, "operator:wikidata": null, "operator:type": null, "operator:short": null, "grades": null, "access": null, "email": null, "addr:state": null, "barrier": null, "wheelchair": null, "education": null, "official_name": null, "entrance": null, "wikipedia": null, "operator": null, "wikidata": null, "contact:facebook": null, "addr:city": null, "ref": null, "website_archive": null, "short_name": null, "old_name": null, "addr:street": null, "addr:postcode": null, "addr:housenumber": null, "religion": null, "denomination": null, "gnis:feature_id": "2082395", "ele": "13", "website": null, "phone": null, "name": "Yeshiva Beth Yitzchok D Spinka", "fax": null, "check_date": null, "alt_name": null }, "geometry": { "type": "Point", "coordinates": [ -73.9605387, 40.7038906 ] } },
{ "type": "Feature", "properties": { "fid": 24, "full_id": "n357619986", "osm_id": "357619986", "osm_type": "node", "amenity": "school", "mascot": null, "ref:nycschools": null, "preschool": null, "school:gender": null, "polling_station": null, "internet_access": null, "addr:floor": null, "operator:wikidata": null, "operator:type": null, "operator:short": null, "grades": null, "access": null, "email": null, "addr:state": null, "barrier": null, "wheelchair": null, "education": null, "official_name": null, "entrance": null, "wikipedia": null, "operator": null, "wikidata": null, "contact:facebook": null, "addr:city": null, "ref": null, "website_archive": null, "short_name": null, "old_name": null, "addr:street": "Bedford Avenue", "addr:postcode": "11211", "addr:housenumber": "505", "religion": null, "denomination": null, "gnis:feature_id": "2082404", "ele": "16", "website": null, "phone": null, "name": "Yeshiva Jesode Hatorah", "fax": null, "check_date": null, "alt_name": null }, "geometry": { "type": "Point", "coordinates": [ -73.9631007, 40.7061623 ] } },
{ "type": "Feature", "properties": { "fid": 25, "full_id": "n357620039", "osm_id": "357620039", "osm_type": "node", "amenity": "school", "mascot": null, "ref:nycschools": null, "preschool": null, "school:gender": null, "polling_station": null, "internet_access": null, "addr:floor": null, "operator:wikidata": null, "operator:type": null, "operator:short": null, "grades": null, "access": null, "email": null, "addr:state": null, "barrier": null, "wheelchair": null, "education": null, "official_name": null, "entrance": null, "wikipedia": null, "operator": null, "wikidata": null, "contact:facebook": null, "addr:city": null, "ref": null, "website_archive": null, "short_name": null, "old_name": null, "addr:street": "Ross Street", "addr:postcode": "11211", "addr:housenumber": "188", "religion": null, "denomination": null, "gnis:feature_id": "2082421", "ele": "16", "website": null, "phone": null, "name": "Yeshiva Tzemach Tzadik Viznitz", "fax": null, "check_date": null, "alt_name": null }, "geometry": { "type": "Point", "coordinates": [ -73.9594877, 40.7061399 ] } },
{ "type": "Feature", "properties": { "fid": 26, "full_id": "n357620046", "osm_id": "357620046", "osm_type": "node", "amenity": "school", "mascot": null, "ref:nycschools": null, "preschool": null, "school:gender": null, "polling_station": null, "internet_access": null, "addr:floor": null, "operator:wikidata": null, "operator:type": null, "operator:short": null, "grades": null, "access": null, "email": null, "addr:state": null, "barrier": null, "wheelchair": null, "education": null, "official_name": null, "entrance": null, "wikipedia": null, "operator": null, "wikidata": null, "contact:facebook": null, "addr:city": null, "ref": null, "website_archive": null, "short_name": null, "old_name": null, "addr:street": null, "addr:postcode": null, "addr:housenumber": null, "religion": null, "denomination": null, "gnis:feature_id": "2082423", "ele": "8", "website": null, "phone": null, "name": "Yeshiva Yesode Hatorah", "fax": null, "check_date": null, "alt_name": null }, "geometry": { "type": "Point", "coordinates": [ -73.9597653, 40.7025848 ] } },
{ "type": "Feature", "properties": { "fid": 27, "full_id": "n357625410", "osm_id": "357625410", "osm_type": "node", "amenity": "school", "mascot": null, "ref:nycschools": null, "preschool": null, "school:gender": null, "polling_station": null, "internet_access": null, "addr:floor": null, "operator:wikidata": null, "operator:type": null, "operator:short": null, "grades": null, "access": null, "email": null, "addr:state": null, "barrier": null, "wheelchair": null, "education": null, "official_name": null, "entrance": null, "wikipedia": null, "operator": null, "wikidata": "Q5707172", "contact:facebook": null, "addr:city": null, "ref": null, "website_archive": null, "short_name": null, "old_name": null, "addr:street": "5th Avenue", "addr:postcode": "11215", "addr:housenumber": "646", "religion": null, "denomination": null, "gnis:feature_id": null, "ele": null, "website": "https://www.hccs-nys.org/", "phone": "+1-718-499-0957", "name": "Hellenic Classical Charter School", "fax": "+1-718-499-0959", "check_date": null, "alt_name": null }, "geometry": { "type": "Point", "coordinates": [ -73.9922222, 40.662851 ] } },
{ "type": "Feature", "properties": { "fid": 28, "full_id": "n357630669", "osm_id": "357630669", "osm_type": "node", "amenity": "school", "mascot": null, "ref:nycschools": null, "preschool": null, "school:gender": null, "polling_station": null, "internet_access": null, "addr:floor": null, "operator:wikidata": null, "operator:type": null, "operator:short": null, "grades": null, "access": null, "email": null, "addr:state": null, "barrier": null, "wheelchair": null, "education": null, "official_name": null, "entrance": null, "wikipedia": null, "operator": null, "wikidata": null, "contact:facebook": null, "addr:city": null, "ref": null, "website_archive": null, "short_name": null, "old_name": null, "addr:street": null, "addr:postcode": null, "addr:housenumber": null, "religion": null, "denomination": null, "gnis:feature_id": "2363672", "ele": "18", "website": null, "phone": null, "name": "Knowledge And Power Preparatory VII Middle School", "fax": null, "check_date": null, "alt_name": null }, "geometry": { "type": "Point", "coordinates": [ -73.9586111, 40.6922222 ] } },
{ "type": "Feature", "properties": { "fid": 29, "full_id": "n357648539", "osm_id": "357648539", "osm_type": "node", "amenity": "school", "mascot": null, "ref:nycschools": null, "preschool": null, "school:gender": null, "polling_station": null, "internet_access": null, "addr:floor": null, "operator:wikidata": null, "operator:type": null, "operator:short": null, "grades": null, "access": null, "email": null, "addr:state": null, "barrier": null, "wheelchair": null, "education": null, "official_name": null, "entrance": null, "wikipedia": null, "operator": null, "wikidata": null, "contact:facebook": null, "addr:city": null, "ref": null, "website_archive": null, "short_name": null, "old_name": null, "addr:street": null, "addr:postcode": null, "addr:housenumber": null, "religion": null, "denomination": null, "gnis:feature_id": "2493063", "ele": "26", "website": "https://www.schools.nyc.gov/schools/K352", "phone": "+1-718-941-5097", "name": "K352 Ebbets Field Middle School", "fax": "+1-718-284-7973", "check_date": null, "alt_name": null }, "geometry": { "type": "Point", "coordinates": [ -73.9595336, 40.6648769 ] } },
{ "type": "Feature", "properties": { "fid": 30, "full_id": "n1767286893", "osm_id": "1767286893", "osm_type": "node", "amenity": "school", "mascot": null, "ref:nycschools": null, "preschool": null, "school:gender": null, "polling_station": null, "internet_access": null, "addr:floor": null, "operator:wikidata": null, "operator:type": null, "operator:short": null, "grades": null, "access": null, "email": null, "addr:state": null, "barrier": null, "wheelchair": null, "education": null, "official_name": null, "entrance": null, "wikipedia": null, "operator": null, "wikidata": null, "contact:facebook": null, "addr:city": null, "ref": null, "website_archive": null, "short_name": null, "old_name": null, "addr:street": null, "addr:postcode": null, "addr:housenumber": null, "religion": null, "denomination": null, "gnis:feature_id": null, "ele": null, "website": null, "phone": null, "name": "The Robert Fulton School", "fax": null, "check_date": null, "alt_name": null }, "geometry": { "type": "Point", "coordinates": [ -73.9942882, 40.7003182 ] } },
{ "type": "Feature", "properties": { "fid": 31, "full_id": "n2494057261", "osm_id": "2494057261", "osm_type": "node", "amenity": "school", "mascot": null, "ref:nycschools": null, "preschool": null, "school:gender": null, "polling_station": null, "internet_access": null, "addr:floor": null, "operator:wikidata": null, "operator:type": null, "operator:short": null, "grades": null, "access": null, "email": null, "addr:state": null, "barrier": null, "wheelchair": null, "education": null, "official_name": null, "entrance": null, "wikipedia": "en:Brooklyn Frontiers High School", "operator": "Good Shepherd Services", "wikidata": "Q7122483", "contact:facebook": null, "addr:city": null, "ref": null, "website_archive": null, "short_name": null, "old_name": null, "addr:street": "Schermerhorn Street", "addr:postcode": "11201", "addr:housenumber": "112", "religion": null, "denomination": null, "gnis:feature_id": null, "ele": null, "website": "https://www.brooklynfrontiers.org/", "phone": "+1-718-722-4727", "name": "Brooklyn Frontiers High School", "fax": null, "check_date": null, "alt_name": null }, "geometry": { "type": "Point", "coordinates": [ -73.9893526, 40.6900156 ] } },
{ "type": "Feature", "properties": { "fid": 32, "full_id": "n2550055987", "osm_id": "2550055987", "osm_type": "node", "amenity": "school", "mascot": null, "ref:nycschools": null, "preschool": null, "school:gender": null, "polling_station": null, "internet_access": null, "addr:floor": null, "operator:wikidata": null, "operator:type": null, "operator:short": null, "grades": null, "access": null, "email": null, "addr:state": null, "barrier": null, "wheelchair": null, "education": null, "official_name": null, "entrance": null, "wikipedia": null, "operator": null, "wikidata": null, "contact:facebook": null, "addr:city": null, "ref": null, "website_archive": null, "short_name": null, "old_name": null, "addr:street": null, "addr:postcode": null, "addr:housenumber": null, "religion": null, "denomination": null, "gnis:feature_id": null, "ele": null, "website": "https://sites.google.com/view/p77k", "phone": "+1718-789-1192", "name": "P.S. K077", "fax": "+1-718-857-2667", "check_date": null, "alt_name": "P77K" }, "geometry": { "type": "Point", "coordinates": [ -73.9767438, 40.6788104 ] } },
{ "type": "Feature", "properties": { "fid": 33, "full_id": "n2550061093", "osm_id": "2550061093", "osm_type": "node", "amenity": null, "mascot": null, "ref:nycschools": null, "preschool": null, "school:gender": null, "polling_station": null, "internet_access": null, "addr:floor": null, "operator:wikidata": null, "operator:type": null, "operator:short": null, "grades": null, "access": null, "email": null, "addr:state": null, "barrier": null, "wheelchair": null, "education": null, "official_name": null, "entrance": "yes", "wikipedia": null, "operator": null, "wikidata": null, "contact:facebook": null, "addr:city": null, "ref": null, "website_archive": null, "short_name": null, "old_name": null, "addr:street": "State Street", "addr:postcode": "11217", "addr:housenumber": "475", "religion": null, "denomination": null, "gnis:feature_id": null, "ele": null, "website": null, "phone": null, "name": null, "fax": null, "check_date": null, "alt_name": null }, "geometry": { "type": "Point", "coordinates": [ -73.9799423, 40.6859178 ] } },
{ "type": "Feature", "properties": { "fid": 34, "full_id": "n2550150500", "osm_id": "2550150500", "osm_type": "node", "amenity": "school", "mascot": null, "ref:nycschools": null, "preschool": null, "school:gender": null, "polling_station": null, "internet_access": null, "addr:floor": null, "operator:wikidata": null, "operator:type": null, "operator:short": null, "grades": null, "access": null, "email": null, "addr:state": null, "barrier": null, "wheelchair": null, "education": null, "official_name": null, "entrance": null, "wikipedia": null, "operator": "Brooklyn Prospect Charter School", "wikidata": null, "contact:facebook": null, "addr:city": null, "ref": null, "website_archive": null, "short_name": null, "old_name": null, "addr:street": "Fulton Street", "addr:postcode": "11238", "addr:housenumber": "1100", "religion": null, "denomination": null, "gnis:feature_id": null, "ele": null, "website": "https://www.brooklynprospect.org/our-schools/clinton-hill-middle/", "phone": "+1-718-783-1570", "name": "Clinton Hill Middle School", "fax": null, "check_date": null, "alt_name": "Brooklyn Prospect Clinton Hill Middle School" }, "geometry": { "type": "Point", "coordinates": [ -73.9568637, 40.6812351 ] } },
{ "type": "Feature", "properties": { "fid": 35, "full_id": "n2567084176", "osm_id": "2567084176", "osm_type": "node", "amenity": "school", "mascot": null, "ref:nycschools": null, "preschool": null, "school:gender": null, "polling_station": null, "internet_access": null, "addr:floor": null, "operator:wikidata": null, "operator:type": null, "operator:short": null, "grades": null, "access": null, "email": null, "addr:state": null, "barrier": null, "wheelchair": null, "education": null, "official_name": "Explore Exceed Upper School", "entrance": null, "wikipedia": null, "operator": null, "wikidata": null, "contact:facebook": null, "addr:city": null, "ref": null, "website_archive": null, "short_name": null, "old_name": null, "addr:street": null, "addr:postcode": null, "addr:housenumber": null, "religion": null, "denomination": null, "gnis:feature_id": null, "ele": null, "website": "https://exploreschools.org/exceed-upper/", "phone": "+1-347-689-0200", "name": "Exceed Upper School", "fax": "+1-718-701-8328", "check_date": null, "alt_name": null }, "geometry": { "type": "Point", "coordinates": [ -73.9596161, 40.6646489 ] } },
{ "type": "Feature", "properties": { "fid": 36, "full_id": "n2567121614", "osm_id": "2567121614", "osm_type": "node", "amenity": "school", "mascot": null, "ref:nycschools": null, "preschool": null, "school:gender": null, "polling_station": null, "internet_access": null, "addr:floor": null, "operator:wikidata": null, "operator:type": null, "operator:short": null, "grades": null, "access": null, "email": null, "addr:state": null, "barrier": null, "wheelchair": null, "education": null, "official_name": null, "entrance": null, "wikipedia": null, "operator": null, "wikidata": null, "contact:facebook": null, "addr:city": null, "ref": null, "website_archive": null, "short_name": null, "old_name": null, "addr:street": "Washington Avenue", "addr:postcode": "11225", "addr:housenumber": "1100", "religion": null, "denomination": null, "gnis:feature_id": null, "ele": null, "website": "https://workshopmiddleschool.org", "phone": "+1-917-444-1750", "name": "Workshop Middle School", "fax": null, "check_date": null, "alt_name": null }, "geometry": { "type": "Point", "coordinates": [ -73.9610762, 40.6626644 ] } },
{ "type": "Feature", "properties": { "fid": 37, "full_id": "n2568361389", "osm_id": "2568361389", "osm_type": "node", "amenity": null, "mascot": null, "ref:nycschools": null, "preschool": null, "school:gender": null, "polling_station": null, "internet_access": null, "addr:floor": null, "operator:wikidata": null, "operator:type": null, "operator:short": null, "grades": null, "access": null, "email": null, "addr:state": null, "barrier": null, "wheelchair": null, "education": null, "official_name": null, "entrance": "main", "wikipedia": null, "operator": null, "wikidata": null, "contact:facebook": null, "addr:city": null, "ref": null, "website_archive": null, "short_name": null, "old_name": null, "addr:street": "Flatbush Avenue Extension", "addr:postcode": "11201", "addr:housenumber": "49", "religion": null, "denomination": null, "gnis:feature_id": null, "ele": null, "website": null, "phone": null, "name": null, "fax": null, "check_date": null, "alt_name": null }, "geometry": { "type": "Point", "coordinates": [ -73.9848904, 40.6973333 ] } },
{ "type": "Feature", "properties": { "fid": 38, "full_id": "n2572981811", "osm_id": "2572981811", "osm_type": "node", "amenity": "school", "mascot": null, "ref:nycschools": null, "preschool": null, "school:gender": null, "polling_station": null, "internet_access": null, "addr:floor": null, "operator:wikidata": null, "operator:type": null, "operator:short": null, "grades": null, "access": null, "email": null, "addr:state": null, "barrier": null, "wheelchair": null, "education": null, "official_name": null, "entrance": null, "wikipedia": null, "operator": null, "wikidata": null, "contact:facebook": null, "addr:city": null, "ref": null, "website_archive": null, "short_name": null, "old_name": null, "addr:street": null, "addr:postcode": null, "addr:housenumber": null, "religion": null, "denomination": null, "gnis:feature_id": null, "ele": null, "website": "https://www.bkindependent.org", "phone": "+1-646-930-1246", "name": "Brooklyn Independent Middle School", "fax": null, "check_date": null, "alt_name": null }, "geometry": { "type": "Point", "coordinates": [ -73.9771823, 40.6867383 ] } },
{ "type": "Feature", "properties": { "fid": 39, "full_id": "n2713490842", "osm_id": "2713490842", "osm_type": "node", "amenity": "school", "mascot": null, "ref:nycschools": null, "preschool": null, "school:gender": null, "polling_station": null, "internet_access": null, "addr:floor": null, "operator:wikidata": null, "operator:type": null, "operator:short": null, "grades": null, "access": null, "email": null, "addr:state": null, "barrier": null, "wheelchair": null, "education": null, "official_name": null, "entrance": null, "wikipedia": null, "operator": null, "wikidata": null, "contact:facebook": null, "addr:city": null, "ref": null, "website_archive": null, "short_name": null, "old_name": null, "addr:street": "Grand Avenue", "addr:postcode": "11238", "addr:housenumber": "561", "religion": null, "denomination": null, "gnis:feature_id": null, "ele": null, "website": "https://www.gothamacademy.org", "phone": null, "name": "Gotham Professional Arts Academy", "fax": null, "check_date": null, "alt_name": null }, "geometry": { "type": "Point", "coordinates": [ -73.9618894, 40.6785269 ] } },
{ "type": "Feature", "properties": { "fid": 40, "full_id": "n2713495837", "osm_id": "2713495837", "osm_type": "node", "amenity": "school", "mascot": null, "ref:nycschools": null, "preschool": null, "school:gender": null, "polling_station": null, "internet_access": null, "addr:floor": null, "operator:wikidata": null, "operator:type": null, "operator:short": null, "grades": null, "access": null, "email": null, "addr:state": null, "barrier": null, "wheelchair": null, "education": null, "official_name": null, "entrance": null, "wikipedia": null, "operator": null, "wikidata": null, "contact:facebook": null, "addr:city": null, "ref": null, "website_archive": null, "short_name": null, "old_name": null, "addr:street": null, "addr:postcode": null, "addr:housenumber": null, "religion": null, "denomination": null, "gnis:feature_id": null, "ele": null, "website": "https://www.brooklynartselementary.org", "phone": "+1-718-230-0851", "name": "Brooklyn Arts & Science Elementary School", "fax": "+1-718-230-0531", "check_date": null, "alt_name": "P.S. 705" }, "geometry": { "type": "Point", "coordinates": [ -73.9601888, 40.6769735 ] } },
{ "type": "Feature", "properties": { "fid": 41, "full_id": "n2837384392", "osm_id": "2837384392", "osm_type": "node", "amenity": "school", "mascot": null, "ref:nycschools": null, "preschool": null, "school:gender": null, "polling_station": null, "internet_access": null, "addr:floor": null, "operator:wikidata": null, "operator:type": null, "operator:short": null, "grades": null, "access": null, "email": null, "addr:state": null, "barrier": null, "wheelchair": "yes", "education": "school", "official_name": null, "entrance": null, "wikipedia": null, "operator": null, "wikidata": null, "contact:facebook": null, "addr:city": null, "ref": null, "website_archive": null, "short_name": null, "old_name": null, "addr:street": "Broad Street", "addr:postcode": "10004", "addr:housenumber": "41", "religion": null, "denomination": null, "gnis:feature_id": null, "ele": null, "website": null, "phone": null, "name": "Lehman Manhattan Preparatory School", "fax": null, "check_date": "2025-08-14", "alt_name": null }, "geometry": { "type": "Point", "coordinates": [ -74.0112224, 40.7057886 ] } },
{ "type": "Feature", "properties": { "fid": 42, "full_id": "n2837938580", "osm_id": "2837938580", "osm_type": "node", "amenity": "school", "mascot": null, "ref:nycschools": null, "preschool": null, "school:gender": null, "polling_station": null, "internet_access": null, "addr:floor": null, "operator:wikidata": null, "operator:type": null, "operator:short": null, "grades": null, "access": null, "email": null, "addr:state": null, "barrier": null, "wheelchair": null, "education": null, "official_name": null, "entrance": null, "wikipedia": null, "operator": null, "wikidata": null, "contact:facebook": null, "addr:city": null, "ref": null, "website_archive": null, "short_name": null, "old_name": null, "addr:street": "Wallabout Street", "addr:postcode": "11206", "addr:housenumber": "127", "religion": null, "denomination": null, "gnis:feature_id": "2082399", "ele": "4", "website": null, "phone": null, "name": "Yeshiva Bnos Spinka", "fax": null, "check_date": null, "alt_name": null }, "geometry": { "type": "Point", "coordinates": [ -73.955015, 40.7000742 ] } },
{ "type": "Feature", "properties": { "fid": 43, "full_id": "n2837938581", "osm_id": "2837938581", "osm_type": "node", "amenity": "school", "mascot": null, "ref:nycschools": null, "preschool": null, "school:gender": null, "polling_station": null, "internet_access": null, "addr:floor": null, "operator:wikidata": null, "operator:type": null, "operator:short": null, "grades": null, "access": null, "email": null, "addr:state": null, "barrier": null, "wheelchair": null, "education": null, "official_name": null, "entrance": null, "wikipedia": null, "operator": null, "wikidata": null, "contact:facebook": null, "addr:city": null, "ref": null, "website_archive": null, "short_name": null, "old_name": null, "addr:street": "Lynch Street", "addr:postcode": "11206", "addr:housenumber": "40", "religion": null, "denomination": null, "gnis:feature_id": "2082408", "ele": "4", "website": null, "phone": null, "name": "Yeshiva Mesivta Arugath Habosem", "fax": null, "check_date": null, "alt_name": null }, "geometry": { "type": "Point", "coordinates": [ -73.9560577, 40.70061 ] } },
{ "type": "Feature", "properties": { "fid": 44, "full_id": "n2837959372", "osm_id": "2837959372", "osm_type": "node", "amenity": "school", "mascot": null, "ref:nycschools": null, "preschool": null, "school:gender": null, "polling_station": null, "internet_access": null, "addr:floor": null, "operator:wikidata": null, "operator:type": null, "operator:short": null, "grades": null, "access": null, "email": null, "addr:state": null, "barrier": null, "wheelchair": null, "education": null, "official_name": null, "entrance": null, "wikipedia": null, "operator": null, "wikidata": null, "contact:facebook": null, "addr:city": null, "ref": null, "website_archive": null, "short_name": null, "old_name": null, "addr:street": "Lee Avenue", "addr:postcode": "11211", "addr:housenumber": "199", "religion": null, "denomination": null, "gnis:feature_id": "2082169", "ele": "5", "website": null, "phone": null, "name": "Keren Hatorah", "fax": null, "check_date": null, "alt_name": null }, "geometry": { "type": "Point", "coordinates": [ -73.9557189, 40.7021063 ] } },
{ "type": "Feature", "properties": { "fid": 45, "full_id": "n2838085102", "osm_id": "2838085102", "osm_type": "node", "amenity": "school", "mascot": null, "ref:nycschools": null, "preschool": null, "school:gender": null, "polling_station": null, "internet_access": null, "addr:floor": null, "operator:wikidata": null, "operator:type": null, "operator:short": null, "grades": null, "access": null, "email": null, "addr:state": null, "barrier": null, "wheelchair": null, "education": null, "official_name": null, "entrance": null, "wikipedia": null, "operator": null, "wikidata": null, "contact:facebook": null, "addr:city": null, "ref": null, "website_archive": null, "short_name": null, "old_name": null, "addr:street": "Bedford Avenue", "addr:postcode": "11211", "addr:housenumber": "563", "religion": null, "denomination": null, "gnis:feature_id": "2081632", "ele": "13", "website": null, "phone": null, "name": "Bais Yakov of Khal Adas Yereim", "fax": null, "check_date": null, "alt_name": null }, "geometry": { "type": "Point", "coordinates": [ -73.9609452, 40.7041916 ] } },
{ "type": "Feature", "properties": { "fid": 46, "full_id": "n2838102155", "osm_id": "2838102155", "osm_type": "node", "amenity": "school", "mascot": null, "ref:nycschools": null, "preschool": null, "school:gender": null, "polling_station": null, "internet_access": null, "addr:floor": null, "operator:wikidata": null, "operator:type": null, "operator:short": null, "grades": null, "access": null, "email": null, "addr:state": null, "barrier": null, "wheelchair": null, "education": null, "official_name": null, "entrance": null, "wikipedia": null, "operator": null, "wikidata": null, "contact:facebook": null, "addr:city": null, "ref": null, "website_archive": null, "short_name": null, "old_name": null, "addr:street": "Wilson Street", "addr:postcode": "11211", "addr:housenumber": "185", "religion": null, "denomination": null, "gnis:feature_id": "2082189", "ele": "15", "website": null, "phone": null, "name": "Mesivta Nachlas Yacov A Yerim", "fax": null, "check_date": null, "alt_name": null }, "geometry": { "type": "Point", "coordinates": [ -73.9605115, 40.7067842 ] } },
{ "type": "Feature", "properties": { "fid": 47, "full_id": "n3887158066", "osm_id": "3887158066", "osm_type": "node", "amenity": null, "mascot": null, "ref:nycschools": null, "preschool": null, "school:gender": null, "polling_station": null, "internet_access": null, "addr:floor": null, "operator:wikidata": null, "operator:type": null, "operator:short": null, "grades": null, "access": null, "email": null, "addr:state": null, "barrier": null, "wheelchair": null, "education": null, "official_name": null, "entrance": "main", "wikipedia": null, "operator": null, "wikidata": null, "contact:facebook": null, "addr:city": null, "ref": null, "website_archive": null, "short_name": null, "old_name": null, "addr:street": null, "addr:postcode": null, "addr:housenumber": null, "religion": null, "denomination": null, "gnis:feature_id": null, "ele": null, "website": null, "phone": null, "name": null, "fax": null, "check_date": null, "alt_name": null }, "geometry": { "type": "Point", "coordinates": [ -73.9878416, 40.670865 ] } },
{ "type": "Feature", "properties": { "fid": 48, "full_id": "n3892792976", "osm_id": "3892792976", "osm_type": "node", "amenity": null, "mascot": null, "ref:nycschools": null, "preschool": null, "school:gender": null, "polling_station": null, "internet_access": null, "addr:floor": null, "operator:wikidata": null, "operator:type": null, "operator:short": null, "grades": null, "access": null, "email": null, "addr:state": null, "barrier": "gate", "wheelchair": null, "education": null, "official_name": null, "entrance": "main", "wikipedia": null, "operator": null, "wikidata": null, "contact:facebook": null, "addr:city": null, "ref": null, "website_archive": null, "short_name": null, "old_name": null, "addr:street": "Carroll Street", "addr:postcode": "11215", "addr:housenumber": "512", "religion": null, "denomination": null, "gnis:feature_id": null, "ele": null, "website": null, "phone": null, "name": null, "fax": null, "check_date": null, "alt_name": null }, "geometry": { "type": "Point", "coordinates": [ -73.9854105, 40.6766417 ] } },
{ "type": "Feature", "properties": { "fid": 49, "full_id": "n4724706333", "osm_id": "4724706333", "osm_type": "node", "amenity": null, "mascot": null, "ref:nycschools": null, "preschool": null, "school:gender": null, "polling_station": null, "internet_access": null, "addr:floor": null, "operator:wikidata": null, "operator:type": null, "operator:short": null, "grades": null, "access": null, "email": null, "addr:state": null, "barrier": null, "wheelchair": null, "education": null, "official_name": null, "entrance": "main", "wikipedia": null, "operator": null, "wikidata": null, "contact:facebook": null, "addr:city": null, "ref": null, "website_archive": null, "short_name": null, "old_name": null, "addr:street": "Union Street", "addr:postcode": "11231", "addr:housenumber": "420", "religion": null, "denomination": null, "gnis:feature_id": null, "ele": null, "website": null, "phone": null, "name": null, "fax": null, "check_date": null, "alt_name": null }, "geometry": { "type": "Point", "coordinates": [ -73.9907824, 40.6803087 ] } },
{ "type": "Feature", "properties": { "fid": 50, "full_id": "n4991344752", "osm_id": "4991344752", "osm_type": "node", "amenity": "school", "mascot": null, "ref:nycschools": null, "preschool": null, "school:gender": null, "polling_station": null, "internet_access": null, "addr:floor": null, "operator:wikidata": null, "operator:type": null, "operator:short": null, "grades": null, "access": null, "email": null, "addr:state": null, "barrier": null, "wheelchair": null, "education": null, "official_name": null, "entrance": null, "wikipedia": null, "operator": "Children's Museum of the Arts", "wikidata": null, "contact:facebook": null, "addr:city": null, "ref": null, "website_archive": null, "short_name": null, "old_name": null, "addr:street": null, "addr:postcode": null, "addr:housenumber": null, "religion": null, "denomination": null, "gnis:feature_id": null, "ele": null, "website": null, "phone": null, "name": "CMA Free Arts Island Outpost", "fax": null, "check_date": null, "alt_name": null }, "geometry": { "type": "Point", "coordinates": [ -74.0141374, 40.6888171 ] } },
{ "type": "Feature", "properties": { "fid": 51, "full_id": "n5784323953", "osm_id": "5784323953", "osm_type": "node", "amenity": null, "mascot": null, "ref:nycschools": null, "preschool": null, "school:gender": null, "polling_station": null, "internet_access": null, "addr:floor": null, "operator:wikidata": null, "operator:type": null, "operator:short": null, "grades": null, "access": null, "email": null, "addr:state": null, "barrier": null, "wheelchair": null, "education": null, "official_name": null, "entrance": "yes", "wikipedia": null, "operator": null, "wikidata": null, "contact:facebook": null, "addr:city": null, "ref": null, "website_archive": null, "short_name": null, "old_name": null, "addr:street": null, "addr:postcode": null, "addr:housenumber": null, "religion": null, "denomination": null, "gnis:feature_id": null, "ele": null, "website": null, "phone": null, "name": null, "fax": null, "check_date": null, "alt_name": null }, "geometry": { "type": "Point", "coordinates": [ -73.9800259, 40.6861106 ] } },
{ "type": "Feature", "properties": { "fid": 52, "full_id": "n5784323954", "osm_id": "5784323954", "osm_type": "node", "amenity": null, "mascot": null, "ref:nycschools": null, "preschool": null, "school:gender": null, "polling_station": null, "internet_access": null, "addr:floor": null, "operator:wikidata": null, "operator:type": null, "operator:short": null, "grades": null, "access": null, "email": null, "addr:state": null, "barrier": null, "wheelchair": "no", "education": null, "official_name": null, "entrance": "main", "wikipedia": null, "operator": null, "wikidata": null, "contact:facebook": null, "addr:city": null, "ref": null, "website_archive": null, "short_name": null, "old_name": null, "addr:street": "Schermerhorn Street", "addr:postcode": "11217", "addr:housenumber": "362", "religion": null, "denomination": null, "gnis:feature_id": null, "ele": null, "website": null, "phone": null, "name": null, "fax": null, "check_date": null, "alt_name": null }, "geometry": { "type": "Point", "coordinates": [ -73.9796992, 40.6864422 ] } },
{ "type": "Feature", "properties": { "fid": 53, "full_id": "n5807539962", "osm_id": "5807539962", "osm_type": "node", "amenity": "school", "mascot": null, "ref:nycschools": null, "preschool": null, "school:gender": null, "polling_station": null, "internet_access": null, "addr:floor": null, "operator:wikidata": null, "operator:type": null, "operator:short": null, "grades": null, "access": null, "email": null, "addr:state": null, "barrier": null, "wheelchair": null, "education": null, "official_name": null, "entrance": null, "wikipedia": null, "operator": null, "wikidata": null, "contact:facebook": null, "addr:city": null, "ref": null, "website_archive": null, "short_name": null, "old_name": null, "addr:street": "Atlantic Avenue", "addr:postcode": "11217", "addr:housenumber": "554-552", "religion": "muslim", "denomination": null, "gnis:feature_id": null, "ele": null, "website": null, "phone": null, "name": "Masjid Al-Farooq Al-Aqusa Islamic School", "fax": null, "check_date": null, "alt_name": null }, "geometry": { "type": "Point", "coordinates": [ -73.9795389, 40.6846127 ] } },
{ "type": "Feature", "properties": { "fid": 54, "full_id": "n5959044085", "osm_id": "5959044085", "osm_type": "node", "amenity": "school", "mascot": null, "ref:nycschools": null, "preschool": null, "school:gender": null, "polling_station": null, "internet_access": null, "addr:floor": null, "operator:wikidata": null, "operator:type": null, "operator:short": null, "grades": null, "access": null, "email": null, "addr:state": null, "barrier": null, "wheelchair": null, "education": null, "official_name": null, "entrance": null, "wikipedia": null, "operator": null, "wikidata": null, "contact:facebook": null, "addr:city": null, "ref": "K684", "website_archive": null, "short_name": null, "old_name": null, "addr:street": null, "addr:postcode": null, "addr:housenumber": null, "religion": null, "denomination": null, "gnis:feature_id": null, "ele": null, "website": null, "phone": null, "name": "Millenium Brooklyn High School", "fax": null, "check_date": null, "alt_name": null }, "geometry": { "type": "Point", "coordinates": [ -73.9786506, 40.6691609 ] } },
{ "type": "Feature", "properties": { "fid": 55, "full_id": "n5959044086", "osm_id": "5959044086", "osm_type": "node", "amenity": "school", "mascot": null, "ref:nycschools": null, "preschool": null, "school:gender": null, "polling_station": null, "internet_access": null, "addr:floor": null, "operator:wikidata": null, "operator:type": null, "operator:short": null, "grades": null, "access": null, "email": null, "addr:state": null, "barrier": null, "wheelchair": null, "education": null, "official_name": null, "entrance": null, "wikipedia": null, "operator": null, "wikidata": null, "contact:facebook": null, "addr:city": null, "ref": "K463", "website_archive": null, "short_name": null, "old_name": null, "addr:street": null, "addr:postcode": null, "addr:housenumber": null, "religion": null, "denomination": null, "gnis:feature_id": null, "ele": null, "website": null, "phone": null, "name": "Secondary School for Journalism", "fax": null, "check_date": null, "alt_name": null }, "geometry": { "type": "Point", "coordinates": [ -73.9786543, 40.6694364 ] } },
{ "type": "Feature", "properties": { "fid": 56, "full_id": "n5959044087", "osm_id": "5959044087", "osm_type": "node", "amenity": "school", "mascot": null, "ref:nycschools": null, "preschool": null, "school:gender": null, "polling_station": null, "internet_access": null, "addr:floor": null, "operator:wikidata": null, "operator:type": null, "operator:short": null, "grades": null, "access": null, "email": null, "addr:state": null, "barrier": null, "wheelchair": null, "education": null, "official_name": null, "entrance": null, "wikipedia": null, "operator": null, "wikidata": null, "contact:facebook": null, "addr:city": null, "ref": "K - HS 987", "website_archive": null, "short_name": null, "old_name": "Brooklyn East A.L.C.", "addr:street": null, "addr:postcode": null, "addr:housenumber": null, "religion": null, "denomination": null, "gnis:feature_id": null, "ele": null, "website": null, "phone": null, "name": "Brooklyn East Alternative Learning Center", "fax": null, "check_date": null, "alt_name": null }, "geometry": { "type": "Point", "coordinates": [ -73.9789469, 40.6692986 ] } },
{ "type": "Feature", "properties": { "fid": 57, "full_id": "n6069448083", "osm_id": "6069448083", "osm_type": "node", "amenity": "school", "mascot": null, "ref:nycschools": null, "preschool": null, "school:gender": null, "polling_station": null, "internet_access": null, "addr:floor": null, "operator:wikidata": null, "operator:type": null, "operator:short": null, "grades": null, "access": null, "email": null, "addr:state": null, "barrier": null, "wheelchair": null, "education": null, "official_name": null, "entrance": null, "wikipedia": "en:Brooklyn High School of the Arts", "operator": null, "wikidata": "Q4974846", "contact:facebook": null, "addr:city": null, "ref": "K656", "website_archive": null, "short_name": null, "old_name": null, "addr:street": null, "addr:postcode": null, "addr:housenumber": null, "religion": null, "denomination": null, "gnis:feature_id": "2493093", "ele": "11", "website": null, "phone": "+1-718-855-2412", "name": "Brooklyn High School of the Arts", "fax": null, "check_date": null, "alt_name": null }, "geometry": { "type": "Point", "coordinates": [ -73.9802603, 40.6837209 ] } },
{ "type": "Feature", "properties": { "fid": 58, "full_id": "n6166793784", "osm_id": "6166793784", "osm_type": "node", "amenity": "school", "mascot": null, "ref:nycschools": null, "preschool": null, "school:gender": null, "polling_station": null, "internet_access": null, "addr:floor": null, "operator:wikidata": null, "operator:type": null, "operator:short": null, "grades": null, "access": null, "email": null, "addr:state": "NY", "barrier": null, "wheelchair": null, "education": null, "official_name": null, "entrance": null, "wikipedia": null, "operator": "Community Roots Charter School", "wikidata": null, "contact:facebook": null, "addr:city": "Brooklyn", "ref": null, "website_archive": null, "short_name": null, "old_name": null, "addr:street": "Saint Edwards Street", "addr:postcode": "11205", "addr:housenumber": "51", "religion": null, "denomination": null, "gnis:feature_id": null, "ele": null, "website": "https://www.communityroots.org/", "phone": "+1-718-858-1629", "name": "Community Roots Charter School", "fax": null, "check_date": null, "alt_name": null }, "geometry": { "type": "Point", "coordinates": [ -73.9779092, 40.6950782 ] } },
{ "type": "Feature", "properties": { "fid": 59, "full_id": "n6657875511", "osm_id": "6657875511", "osm_type": "node", "amenity": "school", "mascot": null, "ref:nycschools": null, "preschool": null, "school:gender": null, "polling_station": null, "internet_access": null, "addr:floor": null, "operator:wikidata": null, "operator:type": null, "operator:short": null, "grades": null, "access": null, "email": "info@marxedproject.org", "addr:state": null, "barrier": null, "wheelchair": null, "education": null, "official_name": null, "entrance": null, "wikipedia": null, "operator": null, "wikidata": null, "contact:facebook": null, "addr:city": null, "ref": null, "website_archive": null, "short_name": null, "old_name": null, "addr:street": "Atlantic Avenue", "addr:postcode": null, "addr:housenumber": "388", "religion": null, "denomination": null, "gnis:feature_id": null, "ele": null, "website": "https://marxedproject.org/", "phone": null, "name": "The Marxist Education Project", "fax": null, "check_date": null, "alt_name": null }, "geometry": { "type": "Point", "coordinates": [ -73.985602, 40.6869095 ] } },
{ "type": "Feature", "properties": { "fid": 60, "full_id": "n6680718945", "osm_id": "6680718945", "osm_type": "node", "amenity": null, "mascot": null, "ref:nycschools": null, "preschool": null, "school:gender": null, "polling_station": null, "internet_access": null, "addr:floor": null, "operator:wikidata": null, "operator:type": null, "operator:short": null, "grades": null, "access": null, "email": null, "addr:state": null, "barrier": null, "wheelchair": null, "education": null, "official_name": null, "entrance": "yes", "wikipedia": null, "operator": null, "wikidata": null, "contact:facebook": null, "addr:city": null, "ref": null, "website_archive": null, "short_name": null, "old_name": null, "addr:street": null, "addr:postcode": null, "addr:housenumber": null, "religion": null, "denomination": null, "gnis:feature_id": null, "ele": null, "website": null, "phone": null, "name": null, "fax": null, "check_date": null, "alt_name": null }, "geometry": { "type": "Point", "coordinates": [ -74.0090284, 40.6729284 ] } },
{ "type": "Feature", "properties": { "fid": 61, "full_id": "n6833007168", "osm_id": "6833007168", "osm_type": "node", "amenity": "school", "mascot": null, "ref:nycschools": null, "preschool": null, "school:gender": null, "polling_station": null, "internet_access": null, "addr:floor": null, "operator:wikidata": null, "operator:type": null, "operator:short": null, "grades": null, "access": null, "email": null, "addr:state": null, "barrier": null, "wheelchair": null, "education": null, "official_name": null, "entrance": null, "wikipedia": null, "operator": null, "wikidata": null, "contact:facebook": null, "addr:city": null, "ref": null, "website_archive": null, "short_name": null, "old_name": null, "addr:street": null, "addr:postcode": null, "addr:housenumber": null, "religion": "jewish", "denomination": null, "gnis:feature_id": null, "ele": null, "website": "https://luria-academy.org", "phone": null, "name": "Luria Academy of Brooklyn", "fax": "+1-718-228-4110", "check_date": null, "alt_name": null }, "geometry": { "type": "Point", "coordinates": [ -73.9680895, 40.6782628 ] } },
{ "type": "Feature", "properties": { "fid": 62, "full_id": "n6990351870", "osm_id": "6990351870", "osm_type": "node", "amenity": null, "mascot": null, "ref:nycschools": null, "preschool": null, "school:gender": null, "polling_station": null, "internet_access": null, "addr:floor": null, "operator:wikidata": null, "operator:type": null, "operator:short": null, "grades": null, "access": "private", "email": null, "addr:state": null, "barrier": "gate", "wheelchair": null, "education": null, "official_name": null, "entrance": null, "wikipedia": null, "operator": null, "wikidata": null, "contact:facebook": null, "addr:city": null, "ref": null, "website_archive": null, "short_name": null, "old_name": null, "addr:street": null, "addr:postcode": null, "addr:housenumber": null, "religion": null, "denomination": null, "gnis:feature_id": null, "ele": null, "website": null, "phone": null, "name": null, "fax": null, "check_date": null, "alt_name": null }, "geometry": { "type": "Point", "coordinates": [ -73.9947868, 40.6622807 ] } },
{ "type": "Feature", "properties": { "fid": 63, "full_id": "n7884716851", "osm_id": "7884716851", "osm_type": "node", "amenity": null, "mascot": null, "ref:nycschools": null, "preschool": null, "school:gender": null, "polling_station": null, "internet_access": null, "addr:floor": null, "operator:wikidata": null, "operator:type": null, "operator:short": null, "grades": null, "access": null, "email": null, "addr:state": null, "barrier": null, "wheelchair": null, "education": null, "official_name": null, "entrance": "main", "wikipedia": null, "operator": null, "wikidata": null, "contact:facebook": null, "addr:city": null, "ref": null, "website_archive": null, "short_name": null, "old_name": null, "addr:street": null, "addr:postcode": null, "addr:housenumber": null, "religion": null, "denomination": null, "gnis:feature_id": null, "ele": null, "website": null, "phone": null, "name": null, "fax": null, "check_date": null, "alt_name": null }, "geometry": { "type": "Point", "coordinates": [ -73.9944578, 40.6921256 ] } },
{ "type": "Feature", "properties": { "fid": 64, "full_id": "n8149327437", "osm_id": "8149327437", "osm_type": "node", "amenity": "school", "mascot": null, "ref:nycschools": null, "preschool": null, "school:gender": null, "polling_station": null, "internet_access": null, "addr:floor": null, "operator:wikidata": null, "operator:type": null, "operator:short": null, "grades": null, "access": null, "email": null, "addr:state": null, "barrier": null, "wheelchair": null, "education": null, "official_name": null, "entrance": null, "wikipedia": null, "operator": null, "wikidata": null, "contact:facebook": null, "addr:city": null, "ref": null, "website_archive": null, "short_name": null, "old_name": null, "addr:street": null, "addr:postcode": null, "addr:housenumber": null, "religion": "christian", "denomination": "seventh_day_adventist", "gnis:feature_id": null, "ele": null, "website": "https://www.hpsdaschool.org", "phone": "+1-718-625-3030", "name": "Hanson Place Seventh-Day Adventist Elementary School", "fax": null, "check_date": null, "alt_name": null }, "geometry": { "type": "Point", "coordinates": [ -73.9769971, 40.6867593 ] } },
{ "type": "Feature", "properties": { "fid": 65, "full_id": "n8709980901", "osm_id": "8709980901", "osm_type": "node", "amenity": "school", "mascot": null, "ref:nycschools": null, "preschool": null, "school:gender": null, "polling_station": null, "internet_access": null, "addr:floor": null, "operator:wikidata": null, "operator:type": null, "operator:short": null, "grades": null, "access": null, "email": null, "addr:state": null, "barrier": null, "wheelchair": null, "education": null, "official_name": null, "entrance": null, "wikipedia": null, "operator": null, "wikidata": null, "contact:facebook": null, "addr:city": null, "ref": null, "website_archive": null, "short_name": null, "old_name": null, "addr:street": "Grand Avenue", "addr:postcode": "11238", "addr:housenumber": "561", "religion": null, "denomination": null, "gnis:feature_id": null, "ele": null, "website": null, "phone": null, "name": "Acorn Community High School", "fax": null, "check_date": null, "alt_name": null }, "geometry": { "type": "Point", "coordinates": [ -73.9618202, 40.6787215 ] } },
{ "type": "Feature", "properties": { "fid": 66, "full_id": "n8762682818", "osm_id": "8762682818", "osm_type": "node", "amenity": "school", "mascot": null, "ref:nycschools": null, "preschool": null, "school:gender": null, "polling_station": null, "internet_access": null, "addr:floor": null, "operator:wikidata": null, "operator:type": null, "operator:short": null, "grades": null, "access": null, "email": null, "addr:state": null, "barrier": null, "wheelchair": null, "education": null, "official_name": null, "entrance": null, "wikipedia": null, "operator": null, "wikidata": null, "contact:facebook": null, "addr:city": null, "ref": null, "website_archive": null, "short_name": null, "old_name": null, "addr:street": "18th Street", "addr:postcode": "11215", "addr:housenumber": "330", "religion": null, "denomination": null, "gnis:feature_id": null, "ele": null, "website": "https://www.ps295.org/", "phone": "+1-718-965-0390", "name": "PS 295", "fax": null, "check_date": null, "alt_name": "The Studio School of Arts & Culture" }, "geometry": { "type": "Point", "coordinates": [ -73.9888761, 40.66103 ] } },
{ "type": "Feature", "properties": { "fid": 67, "full_id": "n8762682819", "osm_id": "8762682819", "osm_type": "node", "amenity": "school", "mascot": null, "ref:nycschools": null, "preschool": null, "school:gender": null, "polling_station": null, "internet_access": null, "addr:floor": null, "operator:wikidata": null, "operator:type": null, "operator:short": null, "grades": null, "access": null, "email": null, "addr:state": null, "barrier": null, "wheelchair": null, "education": null, "official_name": null, "entrance": null, "wikipedia": null, "operator": null, "wikidata": null, "contact:facebook": null, "addr:city": null, "ref": null, "website_archive": null, "short_name": "New Voices", "old_name": null, "addr:street": "18th Street", "addr:postcode": "11215", "addr:housenumber": "330", "religion": null, "denomination": null, "gnis:feature_id": null, "ele": null, "website": "https://newvoicesbrooklyn.org", "phone": "+1-718-965-0390", "name": "MS 443", "fax": "+1-718-965-0603", "check_date": null, "alt_name": "New Voices School of Academic & Creative Arts" }, "geometry": { "type": "Point", "coordinates": [ -73.9889607, 40.661081 ] } },
{ "type": "Feature", "properties": { "fid": 68, "full_id": "n8762682821", "osm_id": "8762682821", "osm_type": "node", "amenity": "school", "mascot": null, "ref:nycschools": null, "preschool": null, "school:gender": null, "polling_station": null, "internet_access": null, "addr:floor": null, "operator:wikidata": null, "operator:type": null, "operator:short": null, "grades": null, "access": null, "email": null, "addr:state": null, "barrier": null, "wheelchair": null, "education": null, "official_name": "The Park Slope Education Complex at MS 88", "entrance": null, "wikipedia": null, "operator": null, "wikidata": null, "contact:facebook": null, "addr:city": null, "ref": null, "website_archive": null, "short_name": "MS 88", "old_name": null, "addr:street": "7th Avenue", "addr:postcode": "11215", "addr:housenumber": "544", "religion": null, "denomination": null, "gnis:feature_id": null, "ele": null, "website": "https://ms88.org", "phone": "+1-718-788-4482", "name": "Middle School 88", "fax": null, "check_date": null, "alt_name": "Peter Rouget School" }, "geometry": { "type": "Point", "coordinates": [ -73.9878361, 40.6604319 ] } },
{ "type": "Feature", "properties": { "fid": 69, "full_id": "n8762682822", "osm_id": "8762682822", "osm_type": "node", "amenity": "school", "mascot": null, "ref:nycschools": null, "preschool": null, "school:gender": null, "polling_station": null, "internet_access": null, "addr:floor": null, "operator:wikidata": null, "operator:type": null, "operator:short": null, "grades": null, "access": null, "email": null, "addr:state": null, "barrier": null, "wheelchair": null, "education": null, "official_name": null, "entrance": null, "wikipedia": null, "operator": null, "wikidata": null, "contact:facebook": null, "addr:city": null, "ref": null, "website_archive": null, "short_name": null, "old_name": null, "addr:street": "7th Avenue", "addr:postcode": "11215", "addr:housenumber": "544", "religion": null, "denomination": null, "gnis:feature_id": null, "ele": null, "website": "https://www.p53k.org/p53ms88.html", "phone": "+1-718-832-3563", "name": "P53K", "fax": "+1-718-788-2964", "check_date": null, "alt_name": null }, "geometry": { "type": "Point", "coordinates": [ -73.9887578, 40.6605532 ] } },
{ "type": "Feature", "properties": { "fid": 70, "full_id": "n8779921540", "osm_id": "8779921540", "osm_type": "node", "amenity": null, "mascot": null, "ref:nycschools": null, "preschool": null, "school:gender": null, "polling_station": null, "internet_access": null, "addr:floor": null, "operator:wikidata": null, "operator:type": null, "operator:short": null, "grades": null, "access": null, "email": null, "addr:state": null, "barrier": null, "wheelchair": null, "education": null, "official_name": null, "entrance": "yes", "wikipedia": null, "operator": null, "wikidata": null, "contact:facebook": null, "addr:city": null, "ref": null, "website_archive": null, "short_name": null, "old_name": null, "addr:street": "Hoyt Street", "addr:postcode": "11231", "addr:housenumber": "317", "religion": null, "denomination": null, "gnis:feature_id": null, "ele": null, "website": null, "phone": null, "name": null, "fax": null, "check_date": null, "alt_name": null }, "geometry": { "type": "Point", "coordinates": [ -73.9918421, 40.6804309 ] } },
{ "type": "Feature", "properties": { "fid": 71, "full_id": "n9033077995", "osm_id": "9033077995", "osm_type": "node", "amenity": "school", "mascot": null, "ref:nycschools": null, "preschool": null, "school:gender": null, "polling_station": null, "internet_access": null, "addr:floor": null, "operator:wikidata": null, "operator:type": null, "operator:short": null, "grades": null, "access": null, "email": null, "addr:state": null, "barrier": null, "wheelchair": null, "education": null, "official_name": null, "entrance": null, "wikipedia": null, "operator": null, "wikidata": null, "contact:facebook": null, "addr:city": null, "ref": null, "website_archive": null, "short_name": null, "old_name": null, "addr:street": null, "addr:postcode": null, "addr:housenumber": null, "religion": null, "denomination": null, "gnis:feature_id": null, "ele": null, "website": "https://slaschool.org", "phone": "+1-718-636-3836", "name": "Science, Language & Arts International School", "fax": "+1-929-295-6097", "check_date": null, "alt_name": null }, "geometry": { "type": "Point", "coordinates": [ -73.982243, 40.6889471 ] } },
{ "type": "Feature", "properties": { "fid": 72, "full_id": "n9193984158", "osm_id": "9193984158", "osm_type": "node", "amenity": "school", "mascot": null, "ref:nycschools": null, "preschool": null, "school:gender": null, "polling_station": null, "internet_access": null, "addr:floor": null, "operator:wikidata": null, "operator:type": null, "operator:short": null, "grades": null, "access": null, "email": null, "addr:state": null, "barrier": null, "wheelchair": null, "education": null, "official_name": null, "entrance": null, "wikipedia": null, "operator": null, "wikidata": null, "contact:facebook": null, "addr:city": null, "ref": null, "website_archive": null, "short_name": null, "old_name": null, "addr:street": null, "addr:postcode": null, "addr:housenumber": null, "religion": null, "denomination": null, "gnis:feature_id": null, "ele": null, "website": "https://www.brooklynprospect.org/our-schools/downtown-elementary/", "phone": "+1-718-722-7634", "name": "Brooklyn Prospect Downtown Elementary School", "fax": null, "check_date": null, "alt_name": "Brooklyn Prospect Charter School" }, "geometry": { "type": "Point", "coordinates": [ -73.9854432, 40.6920619 ] } },
{ "type": "Feature", "properties": { "fid": 73, "full_id": "n9443614192", "osm_id": "9443614192", "osm_type": "node", "amenity": "school", "mascot": null, "ref:nycschools": null, "preschool": null, "school:gender": null, "polling_station": null, "internet_access": null, "addr:floor": null, "operator:wikidata": null, "operator:type": null, "operator:short": null, "grades": null, "access": null, "email": null, "addr:state": null, "barrier": null, "wheelchair": null, "education": null, "official_name": "Explore Exceed Lower School", "entrance": null, "wikipedia": null, "operator": null, "wikidata": null, "contact:facebook": null, "addr:city": null, "ref": null, "website_archive": null, "short_name": null, "old_name": null, "addr:street": null, "addr:postcode": null, "addr:housenumber": null, "religion": null, "denomination": null, "gnis:feature_id": null, "ele": null, "website": "https://exploreschools.org/exceed-lower", "phone": "+1-718-989-6702", "name": "Exceed Lower School", "fax": "+1-718-701-8328", "check_date": null, "alt_name": "Exceed Charter School" }, "geometry": { "type": "Point", "coordinates": [ -73.9599598, 40.6769251 ] } },
{ "type": "Feature", "properties": { "fid": 74, "full_id": "n9790667925", "osm_id": "9790667925", "osm_type": "node", "amenity": "school", "mascot": null, "ref:nycschools": null, "preschool": null, "school:gender": null, "polling_station": null, "internet_access": null, "addr:floor": null, "operator:wikidata": null, "operator:type": null, "operator:short": null, "grades": null, "access": null, "email": null, "addr:state": null, "barrier": null, "wheelchair": null, "education": null, "official_name": null, "entrance": null, "wikipedia": null, "operator": null, "wikidata": null, "contact:facebook": null, "addr:city": null, "ref": null, "website_archive": null, "short_name": null, "old_name": null, "addr:street": null, "addr:postcode": null, "addr:housenumber": null, "religion": null, "denomination": null, "gnis:feature_id": null, "ele": null, "website": "https://www.successacademies.org/school/cobble-hill/", "phone": "+1-718-704-1460", "name": "Success Academy Cobble Hill", "fax": null, "check_date": null, "alt_name": null }, "geometry": { "type": "Point", "coordinates": [ -73.9931862, 40.6851142 ] } },
{ "type": "Feature", "properties": { "fid": 75, "full_id": "n9790667926", "osm_id": "9790667926", "osm_type": "node", "amenity": "school", "mascot": null, "ref:nycschools": null, "preschool": null, "school:gender": null, "polling_station": null, "internet_access": null, "addr:floor": null, "operator:wikidata": null, "operator:type": null, "operator:short": null, "grades": null, "access": null, "email": null, "addr:state": null, "barrier": null, "wheelchair": null, "education": null, "official_name": null, "entrance": null, "wikipedia": null, "operator": null, "wikidata": null, "contact:facebook": null, "addr:city": null, "ref": null, "website_archive": null, "short_name": "Digital Tech High School", "old_name": null, "addr:street": null, "addr:postcode": null, "addr:housenumber": null, "religion": null, "denomination": null, "gnis:feature_id": null, "ele": null, "website": "https://www.digitaltechhs.org", "phone": "+1-718-694-9741", "name": "Digital Arts & Cinema Technology High School", "fax": "+1-718-694-9745", "check_date": null, "alt_name": null }, "geometry": { "type": "Point", "coordinates": [ -73.9937657, 40.6853391 ] } },
{ "type": "Feature", "properties": { "fid": 76, "full_id": "n9790667927", "osm_id": "9790667927", "osm_type": "node", "amenity": "school", "mascot": null, "ref:nycschools": null, "preschool": null, "school:gender": null, "polling_station": null, "internet_access": null, "addr:floor": null, "operator:wikidata": null, "operator:type": null, "operator:short": null, "grades": null, "access": null, "email": null, "addr:state": null, "barrier": null, "wheelchair": null, "education": null, "official_name": null, "entrance": null, "wikipedia": null, "operator": null, "wikidata": null, "contact:facebook": null, "addr:city": null, "ref": null, "website_archive": null, "short_name": "368K Star Academy", "old_name": null, "addr:street": null, "addr:postcode": null, "addr:housenumber": null, "religion": null, "denomination": null, "gnis:feature_id": null, "ele": null, "website": "https://www.p368k.org/p368k293k.html", "phone": "+1-718-875-1549", "name": "P368K Star Academy", "fax": null, "check_date": null, "alt_name": "P368K @ 293K" }, "geometry": { "type": "Point", "coordinates": [ -73.9940555, 40.6854515 ] } },
{ "type": "Feature", "properties": { "fid": 77, "full_id": "n9790667928", "osm_id": "9790667928", "osm_type": "node", "amenity": "school", "mascot": null, "ref:nycschools": null, "preschool": null, "school:gender": null, "polling_station": null, "internet_access": null, "addr:floor": null, "operator:wikidata": null, "operator:type": null, "operator:short": null, "grades": null, "access": null, "email": null, "addr:state": null, "barrier": null, "wheelchair": null, "education": null, "official_name": null, "entrance": null, "wikipedia": null, "operator": null, "wikidata": null, "contact:facebook": null, "addr:city": null, "ref": null, "website_archive": null, "short_name": "BHS", "old_name": "School For International Studies", "addr:street": null, "addr:postcode": null, "addr:housenumber": null, "religion": null, "denomination": null, "gnis:feature_id": null, "ele": null, "website": "https://www.bhsbk.nyc", "phone": "+1-718-330-9390", "name": "Boerum Hill School For International Studies", "fax": null, "check_date": null, "alt_name": null }, "geometry": { "type": "Point", "coordinates": [ -73.993476, 40.6852266 ] } },
{ "type": "Feature", "properties": { "fid": 78, "full_id": "n9793717850", "osm_id": "9793717850", "osm_type": "node", "amenity": "school", "mascot": null, "ref:nycschools": null, "preschool": null, "school:gender": null, "polling_station": null, "internet_access": null, "addr:floor": null, "operator:wikidata": null, "operator:type": null, "operator:short": null, "grades": null, "access": null, "email": null, "addr:state": null, "barrier": null, "wheelchair": null, "education": null, "official_name": null, "entrance": null, "wikipedia": null, "operator": null, "wikidata": null, "contact:facebook": null, "addr:city": null, "ref": null, "website_archive": null, "short_name": null, "old_name": null, "addr:street": "Bridge Street", "addr:postcode": "11201", "addr:housenumber": "52", "religion": null, "denomination": null, "gnis:feature_id": null, "ele": null, "website": "https://www.tawcs.org", "phone": null, "name": "TAWCS", "fax": null, "check_date": null, "alt_name": "The Art of Words Community School" }, "geometry": { "type": "Point", "coordinates": [ -73.9847996, 40.7031271 ] } },
{ "type": "Feature", "properties": { "fid": 79, "full_id": "n9934793261", "osm_id": "9934793261", "osm_type": "node", "amenity": null, "mascot": null, "ref:nycschools": null, "preschool": null, "school:gender": null, "polling_station": null, "internet_access": null, "addr:floor": null, "operator:wikidata": null, "operator:type": null, "operator:short": null, "grades": null, "access": null, "email": null, "addr:state": null, "barrier": null, "wheelchair": null, "education": null, "official_name": null, "entrance": "main", "wikipedia": null, "operator": null, "wikidata": null, "contact:facebook": null, "addr:city": null, "ref": null, "website_archive": null, "short_name": null, "old_name": null, "addr:street": null, "addr:postcode": null, "addr:housenumber": null, "religion": null, "denomination": null, "gnis:feature_id": null, "ele": null, "website": null, "phone": null, "name": null, "fax": null, "check_date": null, "alt_name": null }, "geometry": { "type": "Point", "coordinates": [ -73.9883021, 40.6873837 ] } },
{ "type": "Feature", "properties": { "fid": 80, "full_id": "n10112378645", "osm_id": "10112378645", "osm_type": "node", "amenity": "school", "mascot": null, "ref:nycschools": null, "preschool": null, "school:gender": null, "polling_station": null, "internet_access": null, "addr:floor": null, "operator:wikidata": null, "operator:type": null, "operator:short": null, "grades": null, "access": null, "email": null, "addr:state": null, "barrier": null, "wheelchair": null, "education": null, "official_name": null, "entrance": null, "wikipedia": null, "operator": null, "wikidata": null, "contact:facebook": null, "addr:city": null, "ref": null, "website_archive": null, "short_name": null, "old_name": null, "addr:street": null, "addr:postcode": null, "addr:housenumber": null, "religion": null, "denomination": null, "gnis:feature_id": null, "ele": null, "website": "https://www.ms915brooklyn.org", "phone": "+1-718-875-1021", "name": "MS 915 Bridges", "fax": null, "check_date": null, "alt_name": null }, "geometry": { "type": "Point", "coordinates": [ -73.9856068, 40.6953262 ] } },
{ "type": "Feature", "properties": { "fid": 81, "full_id": "n10112378650", "osm_id": "10112378650", "osm_type": "node", "amenity": "school", "mascot": null, "ref:nycschools": null, "preschool": null, "school:gender": null, "polling_station": null, "internet_access": null, "addr:floor": null, "operator:wikidata": null, "operator:type": null, "operator:short": null, "grades": null, "access": null, "email": null, "addr:state": null, "barrier": null, "wheelchair": null, "education": null, "official_name": null, "entrance": null, "wikipedia": null, "operator": null, "wikidata": "Q5546181", "contact:facebook": null, "addr:city": null, "ref": null, "website_archive": null, "short_name": null, "old_name": "George Westinghouse Vocational & Technical High School", "addr:street": null, "addr:postcode": null, "addr:housenumber": null, "religion": null, "denomination": null, "gnis:feature_id": null, "ele": null, "website": "https://westinghousehs.org", "phone": "+1-718-625-6130", "name": "George Westinghouse Career and Technical Education High School", "fax": "+1-718-596-9434", "check_date": null, "alt_name": null }, "geometry": { "type": "Point", "coordinates": [ -73.9855947, 40.6956818 ] } },
{ "type": "Feature", "properties": { "fid": 82, "full_id": "n10155902906", "osm_id": "10155902906", "osm_type": "node", "amenity": "school", "mascot": null, "ref:nycschools": null, "preschool": null, "school:gender": null, "polling_station": null, "internet_access": null, "addr:floor": null, "operator:wikidata": null, "operator:type": null, "operator:short": null, "grades": null, "access": null, "email": null, "addr:state": null, "barrier": null, "wheelchair": null, "education": null, "official_name": "City Polytechnic High School of Engineering, Architecture, and Technology", "entrance": null, "wikipedia": null, "operator": null, "wikidata": null, "contact:facebook": null, "addr:city": null, "ref": null, "website_archive": null, "short_name": null, "old_name": null, "addr:street": null, "addr:postcode": null, "addr:housenumber": null, "religion": null, "denomination": null, "gnis:feature_id": null, "ele": null, "website": "https://citypolyhs.org", "phone": "+1-718-875-1473", "name": "City Polytechnic High School", "fax": "+1-718-875-1947", "check_date": null, "alt_name": null }, "geometry": { "type": "Point", "coordinates": [ -73.9856003, 40.6955176 ] } },
{ "type": "Feature", "properties": { "fid": 83, "full_id": "n10167928239", "osm_id": "10167928239", "osm_type": "node", "amenity": "school", "mascot": null, "ref:nycschools": null, "preschool": null, "school:gender": null, "polling_station": null, "internet_access": null, "addr:floor": null, "operator:wikidata": null, "operator:type": null, "operator:short": null, "grades": null, "access": null, "email": null, "addr:state": null, "barrier": null, "wheelchair": null, "education": null, "official_name": null, "entrance": null, "wikipedia": null, "operator": null, "wikidata": null, "contact:facebook": null, "addr:city": null, "ref": null, "website_archive": null, "short_name": null, "old_name": null, "addr:street": "Jay Street", "addr:postcode": "11201", "addr:housenumber": "250", "religion": null, "denomination": null, "gnis:feature_id": null, "ele": null, "website": "https://communityhighschoolbk.org", "phone": "+1-917-893-3999", "name": "Community High School", "fax": null, "check_date": null, "alt_name": null }, "geometry": { "type": "Point", "coordinates": [ -73.9872429, 40.6969264 ] } },
{ "type": "Feature", "properties": { "fid": 84, "full_id": "n10167928240", "osm_id": "10167928240", "osm_type": "node", "amenity": "school", "mascot": null, "ref:nycschools": null, "preschool": null, "school:gender": null, "polling_station": null, "internet_access": null, "addr:floor": null, "operator:wikidata": null, "operator:type": null, "operator:short": null, "grades": null, "access": null, "email": null, "addr:state": null, "barrier": null, "wheelchair": null, "education": null, "official_name": null, "entrance": null, "wikipedia": null, "operator": null, "wikidata": null, "contact:facebook": null, "addr:city": null, "ref": null, "website_archive": null, "short_name": null, "old_name": null, "addr:street": "Jay Street", "addr:postcode": "11201", "addr:housenumber": "240", "religion": null, "denomination": null, "gnis:feature_id": null, "ele": null, "website": "https://www.brooklynlaboratoryschool.org", "phone": null, "name": "Brooklyn LAB Charter School", "fax": null, "check_date": null, "alt_name": null }, "geometry": { "type": "Point", "coordinates": [ -73.9872265, 40.697269 ] } },
{ "type": "Feature", "properties": { "fid": 85, "full_id": "n10251535546", "osm_id": "10251535546", "osm_type": "node", "amenity": "school", "mascot": null, "ref:nycschools": null, "preschool": null, "school:gender": null, "polling_station": null, "internet_access": null, "addr:floor": null, "operator:wikidata": null, "operator:type": null, "operator:short": null, "grades": null, "access": null, "email": null, "addr:state": "NY", "barrier": null, "wheelchair": null, "education": null, "official_name": null, "entrance": null, "wikipedia": null, "operator": null, "wikidata": null, "contact:facebook": null, "addr:city": "Brooklyn", "ref": null, "website_archive": null, "short_name": null, "old_name": null, "addr:street": "Huntington Street", "addr:postcode": "11231", "addr:housenumber": "27", "religion": null, "denomination": null, "gnis:feature_id": null, "ele": null, "website": "https://sacsny.com", "phone": "+1-718-875-1403", "name": "Summit Academy Charter School", "fax": null, "check_date": null, "alt_name": null }, "geometry": { "type": "Point", "coordinates": [ -74.0047534, 40.6775735 ] } },
{ "type": "Feature", "properties": { "fid": 86, "full_id": "n10251535547", "osm_id": "10251535547", "osm_type": "node", "amenity": "school", "mascot": null, "ref:nycschools": null, "preschool": null, "school:gender": null, "polling_station": null, "internet_access": null, "addr:floor": null, "operator:wikidata": "Q408230", "operator:type": "public", "operator:short": "NYC Public Schools", "grades": "1-6,SE", "access": null, "email": null, "addr:state": "NY", "barrier": null, "wheelchair": null, "education": null, "official_name": null, "entrance": null, "wikipedia": null, "operator": "New York City Department of Education", "wikidata": null, "contact:facebook": null, "addr:city": "Brooklyn", "ref": null, "website_archive": null, "short_name": "P.S. 676", "old_name": null, "addr:street": "Huntington Street", "addr:postcode": "11231", "addr:housenumber": "27", "religion": null, "denomination": null, "gnis:feature_id": null, "ele": null, "website": "https://nyharbormiddleschool.org", "phone": "+1-718-330-2238", "name": "Red Hook Neighborhood School", "fax": "+1-718-596-6646", "check_date": null, "alt_name": "New York Harbor School Middle School" }, "geometry": { "type": "Point", "coordinates": [ -74.0049212, 40.6776204 ] } },
{ "type": "Feature", "properties": { "fid": 87, "full_id": "n10651869823", "osm_id": "10651869823", "osm_type": "node", "amenity": "school", "mascot": null, "ref:nycschools": null, "preschool": null, "school:gender": null, "polling_station": null, "internet_access": null, "addr:floor": null, "operator:wikidata": null, "operator:type": null, "operator:short": null, "grades": null, "access": null, "email": null, "addr:state": null, "barrier": null, "wheelchair": null, "education": null, "official_name": null, "entrance": null, "wikipedia": null, "operator": null, "wikidata": null, "contact:facebook": null, "addr:city": null, "ref": null, "website_archive": null, "short_name": null, "old_name": null, "addr:street": "Gold Street", "addr:postcode": "11201", "addr:housenumber": "405", "religion": null, "denomination": null, "gnis:feature_id": null, "ele": null, "website": "https://brooklyn.basisindependent.com", "phone": "+1-929-295-5124", "name": "BASIS Independent Brooklyn Lower", "fax": null, "check_date": null, "alt_name": null }, "geometry": { "type": "Point", "coordinates": [ -73.9832786, 40.691805 ] } },
{ "type": "Feature", "properties": { "fid": 88, "full_id": "n10665137474", "osm_id": "10665137474", "osm_type": "node", "amenity": "school", "mascot": null, "ref:nycschools": null, "preschool": null, "school:gender": "female", "polling_station": "yes", "internet_access": "no", "addr:floor": "5", "operator:wikidata": null, "operator:type": null, "operator:short": null, "grades": "9-12", "access": null, "email": null, "addr:state": "NY", "barrier": null, "wheelchair": "yes", "education": null, "official_name": null, "entrance": null, "wikipedia": null, "operator": null, "wikidata": null, "contact:facebook": "UASBYW.US", "addr:city": "New York", "ref": "M316", "website_archive": null, "short_name": null, "old_name": null, "addr:street": "Broadway", "addr:postcode": "10004", "addr:housenumber": "26", "religion": "none", "denomination": null, "gnis:feature_id": null, "ele": null, "website": "https://www.uasbfyw.org/", "phone": "+1-212-668-0169", "name": "Urban Assembly School of Business for Young Women", "fax": "+1-212-668-0635", "check_date": null, "alt_name": null }, "geometry": { "type": "Point", "coordinates": [ -74.0127902, 40.7052408 ] } },
{ "type": "Feature", "properties": { "fid": 89, "full_id": "n10665280266", "osm_id": "10665280266", "osm_type": "node", "amenity": "school", "mascot": null, "ref:nycschools": null, "preschool": null, "school:gender": "mixed", "polling_station": null, "internet_access": null, "addr:floor": null, "operator:wikidata": null, "operator:type": null, "operator:short": null, "grades": "9-12", "access": null, "email": null, "addr:state": "NY", "barrier": null, "wheelchair": "yes", "education": null, "official_name": null, "entrance": null, "wikipedia": null, "operator": null, "wikidata": null, "contact:facebook": null, "addr:city": "New York", "ref": "M580", "website_archive": null, "short_name": null, "old_name": null, "addr:street": "Beaver Street", "addr:postcode": "10004", "addr:housenumber": "7", "religion": "none", "denomination": null, "gnis:feature_id": null, "ele": null, "website": "https://www.rrghst.org/", "phone": "+1-646-826-8174", "name": "Richard R. Green High School of Teaching", "fax": "+1-646-826-8175", "check_date": null, "alt_name": null }, "geometry": { "type": "Point", "coordinates": [ -74.013179, 40.7052186 ] } },
{ "type": "Feature", "properties": { "fid": 90, "full_id": "n11021012796", "osm_id": "11021012796", "osm_type": "node", "amenity": null, "mascot": null, "ref:nycschools": null, "preschool": null, "school:gender": null, "polling_station": null, "internet_access": null, "addr:floor": null, "operator:wikidata": null, "operator:type": null, "operator:short": null, "grades": null, "access": null, "email": null, "addr:state": null, "barrier": "gate", "wheelchair": null, "education": null, "official_name": null, "entrance": null, "wikipedia": null, "operator": null, "wikidata": null, "contact:facebook": null, "addr:city": null, "ref": null, "website_archive": null, "short_name": null, "old_name": null, "addr:street": null, "addr:postcode": null, "addr:housenumber": null, "religion": null, "denomination": null, "gnis:feature_id": null, "ele": null, "website": null, "phone": null, "name": null, "fax": null, "check_date": null, "alt_name": null }, "geometry": { "type": "Point", "coordinates": [ -73.9974898, 40.6865682 ] } },
{ "type": "Feature", "properties": { "fid": 91, "full_id": "n11296513591", "osm_id": "11296513591", "osm_type": "node", "amenity": "school", "mascot": null, "ref:nycschools": null, "preschool": null, "school:gender": null, "polling_station": null, "internet_access": null, "addr:floor": null, "operator:wikidata": null, "operator:type": null, "operator:short": null, "grades": null, "access": null, "email": null, "addr:state": null, "barrier": null, "wheelchair": null, "education": null, "official_name": null, "entrance": null, "wikipedia": null, "operator": null, "wikidata": null, "contact:facebook": null, "addr:city": null, "ref": null, "website_archive": null, "short_name": null, "old_name": null, "addr:street": null, "addr:postcode": null, "addr:housenumber": null, "religion": "christian", "denomination": null, "gnis:feature_id": null, "ele": null, "website": "https://citylife.academy", "phone": "+1-347-227-8255", "name": "City Life Academy", "fax": null, "check_date": null, "alt_name": null }, "geometry": { "type": "Point", "coordinates": [ -73.9939655, 40.6769846 ] } },
{ "type": "Feature", "properties": { "fid": 92, "full_id": "n12044633119", "osm_id": "12044633119", "osm_type": "node", "amenity": "school", "mascot": null, "ref:nycschools": null, "preschool": null, "school:gender": null, "polling_station": null, "internet_access": null, "addr:floor": null, "operator:wikidata": null, "operator:type": null, "operator:short": null, "grades": null, "access": null, "email": null, "addr:state": "NY", "barrier": null, "wheelchair": null, "education": null, "official_name": null, "entrance": null, "wikipedia": null, "operator": null, "wikidata": null, "contact:facebook": null, "addr:city": "Brooklyn", "ref": null, "website_archive": null, "short_name": null, "old_name": null, "addr:street": "6th Avenue", "addr:postcode": "11215", "addr:housenumber": "466", "religion": null, "denomination": null, "gnis:feature_id": null, "ele": null, "website": null, "phone": null, "name": "Kinderhaus", "fax": null, "check_date": null, "alt_name": null }, "geometry": { "type": "Point", "coordinates": [ -73.9849499, 40.6670775 ] } },
{ "type": "Feature", "properties": { "fid": 93, "full_id": "n12291033512", "osm_id": "12291033512", "osm_type": "node", "amenity": "school", "mascot": null, "ref:nycschools": "Z015", "preschool": "yes", "school:gender": null, "polling_station": null, "internet_access": null, "addr:floor": null, "operator:wikidata": "Q408230", "operator:type": "public", "operator:short": "NYC Public Schools", "grades": null, "access": null, "email": null, "addr:state": "NY", "barrier": null, "wheelchair": null, "education": null, "official_name": null, "entrance": null, "wikipedia": null, "operator": "New York City Department of Education", "wikidata": null, "contact:facebook": null, "addr:city": "New York", "ref": null, "website_archive": null, "short_name": null, "old_name": null, "addr:street": "Washington Street", "addr:postcode": "10004", "addr:housenumber": "2-26", "religion": null, "denomination": null, "gnis:feature_id": null, "ele": null, "website": "https://www.schools.nyc.gov/schools/Z015", "phone": null, "name": "District 2 Pre-K Center", "fax": null, "check_date": null, "alt_name": null }, "geometry": { "type": "Point", "coordinates": [ -74.0155366, 40.7055464 ] } },
{ "type": "Feature", "properties": { "fid": 94, "full_id": "n12601886254", "osm_id": "12601886254", "osm_type": "node", "amenity": "school", "mascot": "Warriors", "ref:nycschools": null, "preschool": null, "school:gender": null, "polling_station": null, "internet_access": null, "addr:floor": null, "operator:wikidata": null, "operator:type": null, "operator:short": null, "grades": "9-12", "access": null, "email": null, "addr:state": null, "barrier": null, "wheelchair": null, "education": null, "official_name": null, "entrance": null, "wikipedia": null, "operator": null, "wikidata": null, "contact:facebook": null, "addr:city": null, "ref": null, "website_archive": null, "short_name": null, "old_name": null, "addr:street": null, "addr:postcode": null, "addr:housenumber": null, "religion": null, "denomination": null, "gnis:feature_id": null, "ele": null, "website": null, "phone": "+1-718-797-3702", "name": "Benjamin Banneker Academy for Community Development", "fax": null, "check_date": null, "alt_name": null }, "geometry": { "type": "Point", "coordinates": [ -73.9687571, 40.6954646 ] } },
{ "type": "Feature", "properties": { "fid": 95, "full_id": "n12643783750", "osm_id": "12643783750", "osm_type": "node", "amenity": "school", "mascot": "Phoenix", "ref:nycschools": null, "preschool": null, "school:gender": null, "polling_station": null, "internet_access": null, "addr:floor": null, "operator:wikidata": null, "operator:type": null, "operator:short": null, "grades": null, "access": null, "email": null, "addr:state": null, "barrier": null, "wheelchair": null, "education": null, "official_name": null, "entrance": null, "wikipedia": null, "operator": null, "wikidata": null, "contact:facebook": null, "addr:city": null, "ref": null, "website_archive": null, "short_name": null, "old_name": null, "addr:street": null, "addr:postcode": null, "addr:housenumber": null, "religion": null, "denomination": null, "gnis:feature_id": null, "ele": null, "website": null, "phone": null, "name": "Millenium High School", "fax": null, "check_date": null, "alt_name": null }, "geometry": { "type": "Point", "coordinates": [ -74.0112906, 40.7046128 ] } },
{ "type": "Feature", "properties": { "fid": 96, "full_id": "n12717228690", "osm_id": "12717228690", "osm_type": "node", "amenity": "school", "mascot": null, "ref:nycschools": "K915", "preschool": null, "school:gender": null, "polling_station": null, "internet_access": null, "addr:floor": null, "operator:wikidata": null, "operator:type": null, "operator:short": null, "grades": null, "access": null, "email": null, "addr:state": null, "barrier": null, "wheelchair": null, "education": null, "official_name": null, "entrance": null, "wikipedia": null, "operator": null, "wikidata": null, "contact:facebook": null, "addr:city": null, "ref": null, "website_archive": null, "short_name": null, "old_name": null, "addr:street": "6th Avenue", "addr:postcode": "11217", "addr:housenumber": "29", "religion": null, "denomination": null, "gnis:feature_id": null, "ele": null, "website": "https://www.ms915brooklyn.org", "phone": "+1-718-875-1021", "name": "Bridges MS915", "fax": "+1-718-802-3297", "check_date": null, "alt_name": "Bridges: A School for Exploration and Equity" }, "geometry": { "type": "Point", "coordinates": [ -73.9738442, 40.6818821 ] } },
{ "type": "Feature", "properties": { "fid": 97, "full_id": "n12717228691", "osm_id": "12717228691", "osm_type": "node", "amenity": "school", "mascot": null, "ref:nycschools": "K963", "preschool": null, "school:gender": null, "polling_station": null, "internet_access": null, "addr:floor": null, "operator:wikidata": null, "operator:type": null, "operator:short": null, "grades": null, "access": null, "email": null, "addr:state": null, "barrier": null, "wheelchair": null, "education": null, "official_name": null, "entrance": null, "wikipedia": null, "operator": null, "wikidata": null, "contact:facebook": null, "addr:city": null, "ref": null, "website_archive": null, "short_name": null, "old_name": null, "addr:street": "6th Avenue", "addr:postcode": "11217", "addr:housenumber": "29", "religion": null, "denomination": null, "gnis:feature_id": null, "ele": null, "website": null, "phone": "+1-929-489-3880", "name": "Design Works High School", "fax": null, "check_date": null, "alt_name": null }, "geometry": { "type": "Point", "coordinates": [ -73.9738683, 40.6818159 ] } },
{ "type": "Feature", "properties": { "fid": 98, "full_id": "n12739944406", "osm_id": "12739944406", "osm_type": "node", "amenity": null, "mascot": null, "ref:nycschools": null, "preschool": null, "school:gender": null, "polling_station": null, "internet_access": null, "addr:floor": null, "operator:wikidata": null, "operator:type": null, "operator:short": null, "grades": null, "access": null, "email": null, "addr:state": null, "barrier": null, "wheelchair": null, "education": null, "official_name": null, "entrance": "yes", "wikipedia": null, "operator": null, "wikidata": null, "contact:facebook": null, "addr:city": null, "ref": null, "website_archive": null, "short_name": null, "old_name": null, "addr:street": "Bergen Street", "addr:postcode": "11201", "addr:housenumber": "9", "religion": null, "denomination": null, "gnis:feature_id": null, "ele": null, "website": null, "phone": null, "name": null, "fax": null, "check_date": null, "alt_name": null }, "geometry": { "type": "Point", "coordinates": [ -73.992822, 40.6877698 ] } },
{ "type": "Feature", "properties": { "fid": 99, "full_id": "n12739944418", "osm_id": "12739944418", "osm_type": "node", "amenity": null, "mascot": null, "ref:nycschools": null, "preschool": null, "school:gender": null, "polling_station": null, "internet_access": null, "addr:floor": null, "operator:wikidata": null, "operator:type": null, "operator:short": null, "grades": null, "access": null, "email": null, "addr:state": null, "barrier": null, "wheelchair": null, "education": null, "official_name": null, "entrance": "main", "wikipedia": null, "operator": null, "wikidata": null, "contact:facebook": null, "addr:city": null, "ref": null, "website_archive": null, "short_name": null, "old_name": null, "addr:street": "Court Street", "addr:postcode": "11201", "addr:housenumber": "185", "religion": null, "denomination": null, "gnis:feature_id": null, "ele": null, "website": null, "phone": null, "name": null, "fax": null, "check_date": null, "alt_name": null }, "geometry": { "type": "Point", "coordinates": [ -73.9930486, 40.6879858 ] } },
{ "type": "Feature", "properties": { "fid": 100, "full_id": "n12739944425", "osm_id": "12739944425", "osm_type": "node", "amenity": null, "mascot": null, "ref:nycschools": null, "preschool": null, "school:gender": null, "polling_station": null, "internet_access": null, "addr:floor": null, "operator:wikidata": null, "operator:type": null, "operator:short": null, "grades": null, "access": null, "email": null, "addr:state": null, "barrier": null, "wheelchair": null, "education": null, "official_name": null, "entrance": "yes", "wikipedia": null, "operator": null, "wikidata": null, "contact:facebook": null, "addr:city": null, "ref": null, "website_archive": null, "short_name": null, "old_name": null, "addr:street": "Dean Street", "addr:postcode": "11201", "addr:housenumber": "12", "religion": null, "denomination": null, "gnis:feature_id": null, "ele": null, "website": null, "phone": null, "name": null, "fax": null, "check_date": null, "alt_name": null }, "geometry": { "type": "Point", "coordinates": [ -73.9924438, 40.6882479 ] } },
{ "type": "Feature", "properties": { "fid": 101, "full_id": "n12860800298", "osm_id": "12860800298", "osm_type": "node", "amenity": null, "mascot": null, "ref:nycschools": null, "preschool": null, "school:gender": null, "polling_station": null, "internet_access": null, "addr:floor": null, "operator:wikidata": null, "operator:type": null, "operator:short": null, "grades": null, "access": null, "email": null, "addr:state": null, "barrier": null, "wheelchair": null, "education": null, "official_name": null, "entrance": "yes", "wikipedia": null, "operator": null, "wikidata": null, "contact:facebook": null, "addr:city": null, "ref": null, "website_archive": null, "short_name": null, "old_name": null, "addr:street": null, "addr:postcode": null, "addr:housenumber": null, "religion": null, "denomination": null, "gnis:feature_id": null, "ele": null, "website": null, "phone": null, "name": null, "fax": null, "check_date": null, "alt_name": null }, "geometry": { "type": "Point", "coordinates": [ -74.0199414, 40.6909844 ] } },
{ "type": "Feature", "properties": { "fid": 102, "full_id": "n13475212411", "osm_id": "13475212411", "osm_type": "node", "amenity": null, "mascot": null, "ref:nycschools": null, "preschool": null, "school:gender": null, "polling_station": null, "internet_access": null, "addr:floor": null, "operator:wikidata": null, "operator:type": null, "operator:short": null, "grades": null, "access": null, "email": null, "addr:state": null, "barrier": null, "wheelchair": null, "education": null, "official_name": null, "entrance": "main", "wikipedia": null, "operator": null, "wikidata": null, "contact:facebook": null, "addr:city": null, "ref": null, "website_archive": null, "short_name": null, "old_name": null, "addr:street": null, "addr:postcode": null, "addr:housenumber": null, "religion": null, "denomination": null, "gnis:feature_id": null, "ele": null, "website": null, "phone": null, "name": null, "fax": null, "check_date": null, "alt_name": null }, "geometry": { "type": "Point", "coordinates": [ -73.99027, 40.671411 ] } }
]
}
